sequence,score
SENEIRTVNPVATEQYGSMATDLELGNM,7.48428758377
SENEIRTTNPVATECYGDYSEAEMVGNW,7.47915018862
SEEEIAATNPTATEMYGGVSENLQQGTF,7.47279194494
DEDEITCTNPVATEMYGIVSTNLQRLNR,7.47194054625
DDEEVACTNPVASEQYGSVSMNLQRLNQ,7.47168550621
SEVEIAATNPTATEQYGGVSENEQQGNF,7.47123143095
DEEEIRCVNPVAYENYGAVAMNLERGNR,7.47123143095
DEQETRTVNPVCTEVFGWVSSNLQRPNR,7.46920730569
AENEIAQTNPDATEQYGVVSENQENGDR,7.46893961944
DEEEIVQTNPVATEQYGSVSTEQDEGNR,7.467432363469999
NEGEICTTNPVATEWYGDASTLWQRGNS,7.46713286274
DEEEIRTTNPVATEQYGSWDEGPNEGDR,7.46534933545
DEDEIRATNPVATEQYGGCSDTVQHGTT,7.45528339301
DTEEIRTTNPYATLQWGSVSTNLQEGNP,7.45320877257
DEQEIRTTNPVATEQYGSWEDAEDWGDV,7.44935925047
CEDELRQTNPCATEQYGVVSENPQHGNH,7.44784558781
AEEEIAQTNPVATEQYGSVDTDQERGER,7.44607282661
DEDEVRAVNPVCYEPFGSVGTNLQRGNR,7.445285957659999
DQNAIGGTNPDATQLYISVESNDELEVS,7.44228005725
DCEEIRTTNPCATIQYETVETNLQRGNR,7.44037046724
DEEEIVTTNPVSTECFGSVSTSLQCPEI,7.436981869
DEECIRTTNPVATEQGWSVETNLQQENR,7.436759213689999
DEEEIRTVNPIASEQYGNVSSNLQRLND,7.431640407150001
DETFIRTTNPVATEQYGSVSGNGVRGNG,7.43076047307
DEEEIAQTNPFATEQYGVVSEDLEVGED,7.42567829425
DEEEIRTTNPYATEQYGFVSNDLGPGTL,7.42337625648
GDSEIHMCNVCATWFYGVVASNFENLLR,7.4228348059
DEEEIATTNPTATEQYGDVSENEQQGDF,7.41643241259
DEQEVRCTNPVASEIYGCVATNLERGNR,7.41624219635
DENEIAQTNPVATEQYGVVDTDDEVGEL,7.410829996449999
DDEELAPTNPVATEMYGFVATVLCAEEV,7.410756867137988
DEEEIRTTNPEATEQYGSVETPDQMGEV,7.408074131159999
AENEIACVNPVATEMYGEAAEVLQHGGT,7.405225380959999
DECEIRTTNPVSTEQYGQVETPLQRPNR,7.40337625976
DENEIVTTNPCATEIYGDVPTGLQRPTD,7.40328063798
DEFEIAACNPVGHEMFGTVSDAEEIETR,7.40081777474
DEEEIRTTNPLATQQYWSWETDDDNDNG,7.4005387397
QENEIGCTNPVSTEIYGDVSDNEQNGDH,7.39972848275
MDLEVRAVNCVCSEGWGIADMAGEVLDL,7.39939868619
DEQEIRCTNPVASEVYGCVGMNLQRGNR,7.39430081855
HETEIRTVNPVATEQYGTTGTEDETENI,7.39236509433
DEEAITTSNPVATHQYGSVNTNLYRGNR,7.38686332474
SEEEIWATNPTAHEQYGCVSTMPYRPNF,7.38590155106
NEHEIRTTNPVGTEQYGSVDSNDQHGNS,7.381476778190001
QECEIVTTNPVATYHYGFVSEVDYGGNN,7.3793536063
SEGEIRTTNPEATEIYGSVSTNWQQGLR,7.3776347119
DEEEIRTTNPDATEQYGSVSTEEDLENC,7.37325627139
DEEEIRTTNPFATQQYWSWEDPDDPEEP,7.3725803777
MENEIRTTNPVATEVFGIVSETPDFFMS,7.369403945889999
DEEAIRPTNPVATAQYWSVWTGLQRGNR,7.36613623206
DEDEIYQTNPVATEQYGSVSTTCQREEM,7.36570946233
DCNEIATTNGSASEQYGVVSTNFQIDNN,7.36320260672
QESEIRTTNPVSTEIYGSASTVLQRGGR,7.36020011856
QEEEIVTTNPVSTECFGVVSTSGCCPEI,7.35718940654
DEVEIRTTNPCATELYGWVSTNECTGNF,7.3570749275185
DNEHIRTTNPIATEQYGSVSTPAQPGNR,7.354542213109999
DEEEISTTNPCATVQYGDYWETDMSEEA,7.351016170039999
DEEEIRTTNPDATEQYGDVFEPDCDGNC,7.34966945107
DEEEIAATNPTATEMFGGVSTNLQQGTF,7.34637297723
DEQEIRTTNPFATEQYGSVSTNPDRDER,7.344249458109999
DEEEIRTTNPIACEQYGLVSTADFLGLM,7.34276740623
MEGEIRCTNPEATEQYGQVSTNLYWGND,7.33832519614
DEEEIRTTNPDATAQYGSVDTGDCPGND,7.338120409
DEEEIRTTNPYATEQYGSVETGDTWENT,7.337839916812285
DENEIRCTNPCASEIYGAVCTNLERGNR,7.3376973928
LETEIRTTNTVATEAYGSVSTWTQRGNR,7.33638888866
GEVEICCTNPCATEVYGDVATDPNPGTY,7.33546562099
QEEEICTVNPCCTEGYGDASTAWQDGNR,7.334437022499999
DEEEIRTTNPFATEQYGSVHTGLCNGED,7.326335224
GDCEITTTNPIATEQWGSVSTNLQRGNR,7.32520414198
DEEEIRTTNPCATVQYGDVWETDQSEEA,7.32172597075
DEEEIRTTNPFATEQYGSVETKLANGEM,7.32057595471
DENEIRCTNPDATEQYGVVSEEGEMGNW,7.31497273038
SEGEIRATNPTCTEMFGCVSVMPQNGNF,7.313867746090001
SEVEIYSTNPFATEGYGTVSTAPNHGNQ,7.31234623673
DEEEIRTTNPEATEQYWDDEEDDEHEEA,7.31180349351
YEEEISTTNPVATEQYTSVQTDLERGNR,7.307670012016856
DEEECRTTNSVATEGYGSVGTNLQMRNR,7.30564536523
TEEYIRTTNPVATEQYGSVSGNLQPDQR,7.304099971579999
DEESIASVNPVCTFTYGSVVDNFQSGSQ,7.299863012639999
AEHEIWSTNPVCTEMYGGVAITLQRGQM,7.29889947795
DEECIRTTNPVATEQCGSVSTNLCRFEP,7.29835964818
DEEMIRTVNPVAFEFYWSWSTNLQRGNR,7.293801259849999
DEVEIAATNPTATEQYGGVSENEQQGNF,7.2883673738
YEEEIVCTNPVCTEQYGSVSTEEEVGNY,7.28441760572
DEEEIRPTNPFATEQYGSVDTGELAGNE,7.28334929903
NDEEVRATNPVATEIYGVVSTNLQRLNR,7.2827776921
SEEEIAATNPTATEMFGGVSENEQQGNF,7.281691308939999
DEEEIVATNPVCTEPFGSIGTNLQVGNR,7.280892253239999
NEHEIRTTNPVCTEQYGAVSEDDCHGNS,7.277718431429999
DEEEIRTTNPVATEQYGSVHTGGCQGEN,7.26887119817
AEGEIWQTNPVATESYGNISENPIGGDQ,7.26881680304
KENEIRTVNPVATEQYGDMAELVQNEEL,7.26645259737
DEQEVRATNPIATEMYGSVSNNLQRGNR,7.26475125554
QECECVCTNFCCVYHCGFADEVDYGFGN,7.26468697224
DEEEISQTNPDATEQYGSASTGENRGNN,7.262832281690001
DEQEIRTTNPDATEQYGSVSTDEDLGEP,7.262832281690001
YEEEISTTNPVATEQGGTVSTDDQRGAQ,7.262682557243545
MEEEIRTTNRVATEEYGSCSTNLERINR,7.262682557243545
QESEVASTNPVGTEGYGVMASTLQHGDI,7.261356453119999
DEEEISCVNPCSTEQYGSVSDEDQRGNT,7.259436897739892
DEQEIRTTNPVATELWGSVDENEELGNF,7.25510491967
YEEEITTTNPVATEQYGEAPTVLQRPQH,7.25244779954
SENEIRTTNPFATEQYGSVSTDQERGNR,7.24966579987
DESEIATTNPTATELYGSVDEDLQQGND,7.24848650514
DTEMIRTTNPVAYLQYGSWSTNLIRGNR,7.2465471981
GEHEIRTTNPVATEQYGVIGTDLQEGNW,7.24189298907
AEEEIGTTNPVATEIYGDCSNNLQMGQR,7.2365848317
NDEEVRAVNPVATEIYGVVSTNLQRLNR,7.23353150772
DECIIRTTNPVATQDYGSVSTNLYRGNR,7.23147603766
AEVETAATNPVATENFGWVASNLQRGTR,7.231011515740001
DENEIVTTNPCATEIYGDVPTGLLRPTD,7.22782583186
DESEIATTNPPATEPYGYHNQVDSEAEM,7.22387864735
MEEEIRTTNPVATEQFGIVSENLDFFMS,7.221253177939999
DENEIRCTNPDATEQYGVVSEEGERGNW,7.21797804591
NEEEIRTTNPVATEVYGSADTDWQQGNS,7.21179284869
TEEEIRYTNPVATEQAGSVSTALQRPPR,7.20910409527
DTEEIRTTNPVATCQYWSVHTGLQVGNR,7.20841609657
DEQEIATTNPVATEQYGDVSEDDCHGNA,7.20590056614
DENEVVTVNPVATEQYGSTSTNLQVGNR,7.202314929609999
DESEIRCTNPVATETYGDASTILQRGNS,7.197470618520001
EENEIRTVNPCCTEGYGDASEEECHEDS,7.19644488436
DENEIRCTNPDATEQYGVVSEEGQMGNW,7.19298932572
YEEEQCTVNPVADCVYGTLCDINQQIQT,7.192844762749999
SEVEIAATNPVATEMFGGVSENEQQGTF,7.18883170025
DECPISTTNPVATYGYGSPSTNLQRGNR,7.18788154758
QEEEICTTNPCCTEQYGDASTALQDGNR,7.18433030801
SEVEIATVNPVAHEIYGIVSNAWQIGDF,7.18425897046
SEDEIYATNPAATEMFGEVSENWQRGTQ,7.183072430959999
DDEEIAPTNPVATEMYGFVATVLCAEEV,7.17993529976
DEEEIRTTNPDATEQYGSVETDDELGNS,7.174481953235688
DEQEIRTTNPVATEQYGSVETDLEAEED,7.17090979225
DEEEIRTTNPFATEQYGSVETPLDPGNP,7.1697228773
DEHEITTTNPCATEQYGSADENEQDGNI,7.16498495829
DETEIRTVNPVATEQYGTTGTEDETENI,7.16283649172
YEEEIRTTNPVNTEQYGSVSNNLELGIG,7.155767353327034
DEEEIVATNPVCTEQFGSIGTNLQVGNR,7.1520114267
DENEIAQTNPVATEQYGVVDTDLEVGNL,7.15121740845
CSLCLRMTLFYMTCCQFILQGTVLISAH,7.15086385005
DDEEVRTTNPVSTEQYGCVGTNLERGNR,7.14603676051
DEEEIRTTNPLATQQYWSVSTDDDNGNG,7.14511032282
DDMPICMVNCYCTEIWGQNPFPDSMPDQ,7.14397746446
DEEEIRTTNPDATEQYGSWETNLETGEH,7.13842674681
DENEIVQTNPVATEQYGSVSTDDDHGNL,7.13572036379
DENEIRTTNPVATECYGDYSEAEMVGNW,7.13489289314
QENEIVTTNPVATECYGDVSEDLQHEEN,7.134728378109999
DEQEIRTTNPEATEQYGSVETDDEVEEF,7.13323937428
DEQEIRTTNPDATEQYGSVSTEDEREDI,7.13098762568
VEEEVRTTNPVASEQFGSVSTNLQRLPR,7.12324335862
DEDEIYTDNPVATLQYGSVSTNLQRRNR,7.12315552598
PEEQIRTTNPVATEQYGSVSTHELQGNT,7.12248920542
DDEEIRSTNPFCSELYGYVDMPDDQGMA,7.12226408331
DEVEIACTNPVCTECYGTASDDWQHGNG,7.12154828322
QEGEICTVNPCCTEGYGDASTAWQDGNR,7.1202049810600005
NEEEIRTTNPVATEVYGSADMDWQQGNS,7.1184423723600005
DELELRTVNPVAWEQYGSVSTELQFGNR,7.11257576518
DEEEIRTTNPEATEQYGSVETEDEQGER,7.11221094155
GDSEIHTTNPCAYEFYGVVASNFERLLR,7.11221041865
MENEIRTTNPVATEVFGIVSETLDFFMS,7.10988035885
VEEEIRTTNPCASEQFGSVGYNLMRGPI,7.10703760908
DEEEIRCTNPTATEMYGGVSTDEQVGNY,7.103255968540001
DEQEIRTTNPVATEQYGSVETEDEPGNI,7.1026750565
DENEIRTTNPVATEQYGDYSEAEMVGNW,7.09933354941
SLECIRTTNPTAYYIFGSVETGPYQGLF,7.09572229586
DDEEIRTTNPVATEMYGFAGSNLMRLTQ,7.09572229586
DDEEIRTTNPDATEQYGVVATCPIRGNS,7.09444666207
SEEEIHATNPCAHMFFGCISQGLDIGTE,7.093863493027403
DEEEIRAVNPVASEVYGGVGTNLQRGNQ,7.09335139139
SEVEIGTTNPTGTETFGEVSEALQNEGR,7.093148352190001
QENEIVTTNPVATECYGDASEDDQHEEN,7.09290728025
NEHEISTTNPVGTEQYGSVDSNDCHGNS,7.09122090362
DEDEVRAVNPVCYEPYGSVGTNLQRGNR,7.090651987879999
DEQEITATNPAATEIFGEVSTNPQRGNA,7.09065130631
DEEEIRTTNPLATQQYWSVETDDDNDNG,7.09009774666
SENEISTTNPVSTECYGDYSEAEMVGNW,7.08909355739
DEEEIRTTNPDATAQYGDVFEPDCDGNC,7.08893313019
DEDEVVATNPVCYEPFGNIGTNYQVGNR,7.0886477701
DEEEIRTTNPVAFEPYKSVSTNLFPLNR,7.0833385714
DEEEVAAVNPCASEQYGCVSTNLERGNR,7.08315362235
DENEIVQTNPVATEQYGVVSTDDQHGNL,7.08264321546
DEEEVRAVNPVASEQYGCVSTNLERGNR,7.08242547324
DEEEIRTTNPDATEQYGSVFEPECNGEN,7.08208283672
DDQEIRTTNPDATEQYGSVSTADFQDNV,7.08094694318
DEDEVRSTNPVATELYGCVSMNLQRGNR,7.07950670981
YSEEVATTNPMATMGYGSVSCDLQAGNV,7.0782952241
DPEEDRTTNPVRTEQYGSVSTGKQRWNR,7.07596437534
DEEMIRTTNPVATLQYGSVHTGDIRGNR,7.07537365047
DEEEIRTTNPDATEQYGDVFEGDCHGNC,7.07494073372
QEQEIACVNPVSTEIYGEASEVLQHGMR,7.071578973119999
DENEIRTTNPVATEQWGDYHEIEMQEDA,7.07089044288
DTECIRTTNPYATCQWGDWHEGEMEGDA,7.07058273358
DEEMIRTTNPDCTEQYGSVSTNDCRGND,7.06888512871
DDEELAPTNPVATEMYGFVATVLCAEEV,7.06863207259
DECEITCTNPVATEQYGGVSEALEWLDL,7.06800691764
DEGEIRTVNPIASEQYGNVSSNLQRLND,7.06731388067
AENEIAQTNPDATEQYGDVSTGDEHGEQ,7.06645770135
DEVEIRTTNPEASEQYGHVSTGQLVGNE,7.065145324593374
DEEAIRTTNGVATNQYGSVWTGGQRGNR,7.06469540024
DEIEIRCTNPVATEQYGTADENLDVGNQ,7.05658390195
DEEEMRTTNPSYFEHYRSVSTNLPRHNR,7.05453060854
DEEELRTVNPIATEPYGSISNNLQRGNR,7.05400727669
QEAEIAQTNPVATEQYGWASDVLQRGGR,7.0536721169700005
DEEEIRTTNPEATDQYGSVSDDLQLEFL,7.051694899179347
QESEIRTVNPVSTEQYGNASCVLQHGGR,7.0513281765
GEGEITTVNPVATEMYGSVATNLQRGNR,7.04854035913
DEEEIRTTNPCATETYGCVSSEDCRLNH,7.04681269538
DEIEIGCTNPVATEQYGSADENLQRLLQ,7.04587374641
DEEEIRTTNPVATQMYGSTSANLERPNR,7.0446179549100005
DEEEIRTTNPTATEQYGSVSEGECNGDF,7.04305107381
FEEGIRTTNVVATSQYGSVRVMLQRGNR,7.041990311919999
DDQEIRTTNPDATEQYGSVSWADFQDDV,7.04127451183
ADSELASTNPVSTELYGIVATNLMRGNS,7.0368286068
MEQEIASTNPVATEMYGSASEDLEYGDD,7.03657772513
AEEEIRQTNPFATEQYGVVSTDLERGND,7.03627383078
DEEEIRSTNPVATEVYGWVDENIFWGDR,7.03394609827
DEEEIRTVNPVGTELYGSVSMDLIRGNR,7.03145907076
QENEITATNPEGTECYGCVAENPAVGPH,7.02935348624
DTEEIRTTNPYAMLQYGSVSTGLQRGNR,7.02852359597
DEQEIRTTNPVATEQYGSWEDAEDWGDR,7.02809587026
DEEEIRTTNPFATEQYWSVETELQYGNF,7.02757491875
REGEIQCVNVCGTAGYGAVCIALERGMD,7.02672620327
DEDEIATTNPCCTEVYGCVSDEDQTGNC,7.02602474215
DEVEITTTNPCATELYGWVSDNECTGNF,7.02549930836
FEHELCAVNPVCTEPWGCVAELVQGGTT,7.02317270546
QDQEIATVNPVATEIYGSVSEVLQHGMR,7.02309449577
VEEEIRATNPVCTEQWGFCSDNLQYGQV,7.02291976131
VDEEIRCTNPVASENYGSVATNLQRLNQ,7.0215808331
QEQEIRTVNPVATEIYGSVSEVLQHGMR,7.02065648076
DDQEIRTTNPVATEQYGSSSTLLQFPNA,7.020261978420001
DEEEILTTNPVATEQYGSVLTGLQLFNP,7.02012467696
DEEEIRTTNPDATEQYGDVFEDDCHGNC,7.019188337805398
DAEEIRTTNPFATEQYWSWETGDDPGND,7.017826432910001
NEENIRMVNPVATEQYGSWSTNLQPGNR,7.01677095446
DEEEIRTTNPFATEQYGSVETPLLPGNP,7.01644265885
MENEIAQVNPVATENYGQASTPQELGTD,7.01599510339
MEQEIASTNPVATEMYGAASEDLEYGDD,7.01599510339
AEEEIRQTNPFATEQYGVVSTDLERGED,7.015682797929999
DEEEIRTTNPAATELFGSVSTNGAHGDH,7.01384894862
DEQEIRTTNPDATEQYGSVETNDEQGEF,7.0135732545
DCEEIRTTNGSASEQYGVVSTNFQIDNN,7.01304848819
DEEEYRTANAVVTEYRYWVSEILQRGNR,7.010494458989999
CSLCIRTTLFVATCCQFILQTTVLISAH,7.01006621131
DEEEVRATNPCATEQFGCTSANLEIGNR,7.00825945461
DEEEIRTTNPDATEQYWSVSTNLLMEND,7.00379980642
DDEEIRCVNPVAYENYGAVAMNLERGNR,7.00341819154
DEEEIRTTNPDATEQYWSVETPDDPGNP,7.00296515494
DEEEIRTTNPFATEQYWSWSTNLFRGEM,7.00174614765
DEEEIRTTNPDATEQYGSVETEEDAEEI,7.00014463587
DEEEIRTTNPVATEVYGSVDSEEEWGNQ,6.9988607566
DEVEIGTTNPTGTETFGEVSEALQNEGR,6.99723243246
SEQEISATNPEGTEQYGQVSTCLNLGDD,6.996186622310001
EEEETRTTNPVAVEMYGSVSTELQRGQR,6.99348410193
DDSEISTVNPVATEMYGSVSEDLDAGDD,6.99039082092
DEEEMRTTNPVYFEHYRSVSTNLPRHNR,6.98992763183
DEEEIRTTNPVATHQYYMVSTNLDEGNE,6.98970905823
DEEEIRTTNPFATEQYGSVHTGPCNGED,6.98623314828
NEEEVRTTNPTATFFYGSVASDWQRPLR,6.98485732386
DEEGIRTTNPVATMQYNSVPTNLQYINR,6.98238082278
DEEEIRTTNPVSTEWWGDVSTALMRGTM,6.978746174359999
STECISTTNCHHTCKWGDWHDGEMEEDA,6.97642336748
DEVETAATNPVATENFGWVSSNLQRGNR,6.974706894900001
SENEISTTNPVATEVYGSYSENEERGNS,6.974706894900001
DEEEIRTTNPDATEQYQSVETGAEGGNN,6.97279477395
DEQEVRATNPIATEIYGSVSMNLQRGNR,6.97251379332
QETEINAVNPVSTEMYGVVSTNLQRGGR,6.97136587122
DEEEIRTTNPVATEQYGSVETPDEVGNC,6.9693865629600005
QEVEIAQTNCEASEQYGVVGDDWLPGMD,6.96808901613
DEEEISTTNPVATEVCGSVSDELYGGAN,6.96752442002
AENEIAQTNPVATEQYGDAPECPCHEEL,6.96749370492
NEEEISCVNPCSTETYGSVSDEDQRGNT,6.96643927891
QEEEICTTNPCCTEGYGDASTALQDGNR,6.96401661664
SEDEIRATNPAATEMFGEVSENWQIGTQ,6.9632839119100005
DENEIVTTNPCATEIYGDAPTGLLRPTD,6.96327199983
SEVEIAATNPTATEMFGGVSTNEQQGTF,6.96285938864
DEEEIATTNPTATEQYGDVSENEQQEDF,6.962763553009999
DEEELRATNPCATESFGSVPTNVQRLNR,6.96159801584
GPVEVCCTNCCASEVWGDVAADPNPGTY,6.961072769159999
AEEEIGTTNPVATEIYGDCSNNLQMGQT,6.96018097001
DEEDIRTTNPWAMAQYGSCSTNLQRTNR,6.95924377751
DEEEIRTTNPVATEQYGSWDEGPQEGDM,6.95797770016
DEEEISTTNPCANVQWGDYWETDMSEEA,6.9571614653200005
SEEEIHTTNPCAHMFFGCISQGLDIGTE,6.953383126089999
DEQEIRTTNPVATEQYGSVETDDEVGEF,6.95279611463
KPESIDTTNPDAVQCYGDVFEPECNEEN,6.95202883599
QEVEIYCTNPVCTEIFGCVSAALQGGDN,6.95120971359
YEHEVATTNPVSTEGYGAVFTDLEAGNV,6.95045934865
QEEEICTTNPEATETYGDVSVNPQTGNE,6.9497167217
KEEEIATTNPVATECYGDASEEEQHEEM,6.94699151668
DDEEIRTTNPDATEQYGVVATCPIRPNS,6.94655585458
DEEEIRATNPAATEIFGSVSDNPQTGPA,6.94655585458
NEELIRTTNPVATCQYGSVSTCKQRGNN,6.94631961829
DEIEIGCTNPVATEQYGSADENLDRLLQ,6.9455869451000005
DEEEIRTTNPEATEQYGSWETDLWWGNR,6.94394464112
DEDEVRSTNPVASELYGCVGMNLQRGNR,6.94239380495
FGHYVRCCNTFCMDIYYAACALPEFDFG,6.94139414947
DEEEIRATNPCATEVYGVVGTADEYGEC,6.9409041868
DEEEIRPTNPVCTESYGSWSTGLQRGND,6.93976943433
QEEEIRTTNPEATQQYGDVSTEDFDGES,6.9396214732
QEQEIVTVNPVATEMYGEVAEVLQHGNM,6.93787012672
DENEIVTVNPFCTECYGSVSTGLQVLNQ,6.93770370386
DEEEIRTTNPVATEQYGSVETPDDIGNC,6.937292933249999
DEEEIRTTNPDATEQYWSWEDPDDDGEP,6.93702454984
DEEEIRCTNPVATEQYNSSSTPPEQGPS,6.93676841224
DEEEIRTTNPDATQQPWSWEDPDDPEEP,6.93585095908
DEEEIRTTNPCATVQYGDYWETDQSEEA,6.934258873159999
CELEIITTNYVAVEVFGEFGTNYQTEQM,6.934258873159999
DEDEIVATNPVCTEPFGNIGTNLQVGNR,6.93418507991
MEEEIATTNPVATEQYGDASEELQHEEM,6.93093630682
SEFEIYTTNPTATESFGSVSVDWQHGDS,6.92936221127
DEEEIRTTNPLATQQYWSVETDDDNGNG,6.92579729441
HELEIATTNPVATECYGDASTEIQTGMM,6.92309814481
CESEIATTNPPASEPYGYHNQVDSEAEM,6.91852929395
DEEEITSTNPVATECYGIASYNLMRLTQ,6.91830275787
DEEEIRTTNPFATEQYGSVETGDDDGNP,6.91587481718
SEDEILACNPACTELFGGVSDNWQGGPV,6.91571116282
AEGEIWQTNPVATESYGNISEPPIGGDQ,6.91297325406
SETEICGTNPTLTEPFGFAMGFWAQDYG,6.91144200144
AEEEIAQTNPFSTEQYGVVSEDLEVGED,6.909943343209999
GEVEICTTNPVASEVYGSVSANLQRGTY,6.909855750549999
MEEEIASTNPVATEMYGSASEDLQYGDD,6.90916661987
DEEEIRTTNPCASELYGSVGTDDEAGNM,6.906938267159999
DTECIRTTNPYATLQWGSVHTGEIEGNP,6.90490992794
VEEETRTTNPCCTEMWGNVSTNLQRGNQ,6.90146796505
DEECIRTTNPFAYQQYGSVETNLQRGNP,6.89604995102
DEQEIRTTNPVATEQYGSVETDDEQGEF,6.89558268137
DEEEVHTTNPVSTEQYGQVSTDDQRGNR,6.8951004971900005
SEEEIRATNPAATEMFGEVSENWQIGTQ,6.89431906294
DEHEIVSTNPVASSVYGGVCIELNVGPR,6.89408843469
NEEEIRTTNPVATEVYGVVDMNWQRGNG,6.89263043048
VDQEVRATNPVASEIYGAVAMNLERGTR,6.89243869747
SEVEIATVNPVAHEIYGIVSTAWQIGDF,6.89025317756
DEEEIRTTNPYATEQYGSVEEGDTWEDT,6.89017338468
DEEEIRTTNPDATEQYGSVDTGDCPGND,6.889577106499999
YEHEIRCTNPCATEQYGWVDTNEQRGND,6.889577106499999
DESEIATTNPPATEPYGYHNQNDSEAEM,6.88950409111
VEEEIRTTNPIATFQYGCVSSDLERPNP,6.889224161716101
HEHEIVSTNPVASEVYGSVSTELQVGNS,6.88799578461
QEHEISQTNPVATELYGWTSTNDQNGEG,6.88748036286
DEEEIRSTNPVATSVYGGVCIELNVGPR,6.88626893023
DEEEIRDTTPIETEHYGAFSINLQRGQV,6.88367181874
DEEEIRPTNPVAYQQYGSNNTWKHDGIP,6.881650190729999
AEHEIWSTNPVATEMYGGVSTTLQRGQM,6.880943058630001
DEEEIRTTNPFATEQYGSVETPDLPGNP,6.88028263516
MDFEIETVNPVATELYGSVCDCLHYGIT,6.879278567509999
DEGEITTTNPVSVEMYGTVSAAPQLGNV,6.87849157964
DEEEIFTTNPDATEQYGSVETNLDEENR,6.87710746846
DEQEVRCTNPVASEIYGSVSTNLERGNR,6.876797578
DEEEIRTTNPDATEQYWSVETPLEWGER,6.876121684319999
DEVEIRTTNPEASEQYGHVSTGLLVGNE,6.8751712213400005
DEVEIASTNPVGTETYGIIPTEEEHFLG,6.87472310982
DEEEIRATNPCATEVYGVVSTADEYGEC,6.874350528999999
DEEEIGSTNPVSYEWWGDVSTALMRGTM,6.87426699377
QEVEISTVNPEATFIFGCVSANWQQGNF,6.87332987452
VERETMPTNPCCTEMWGNVCENLQSGMQ,6.87030218182
AENEIAQTNPDATEQYGVVSEDQENGND,6.86889490318
DAEEITTTNPQATHNYGSVSTNLQDGNR,6.86807509048
GDEEVACTNPVASEQYGSVAMNLQRLNQ,6.86572637556
DCEEIRTTNGSASEQYGSVSTNFQIGNR,6.86491505227
DEMEITTTNPVATEQYGSVDMDWCAGNC,6.86459713798
DEEEIRTTNPDATQQYWSWEHPDDPGEP,6.86439674975
DEEEIRCTNPVCTEQYGAADTNLQTGNG,6.86391016608
DEEEIRTTNPFATQQPWSWEDPDDPEEP,6.863513016160001
DAECIRPTNPFAYQQYWSWEHGDDPGED,6.86106103719
SEGEIAATNPTATEMFGGVSENPQVGTA,6.859087951939999
DEEEIRTTNPDATAQYGDVFEGDCHGNC,6.85206690588
AEVETAATNPVATENFGWVASNLQIGTR,6.850835236729999
QEEEIAQTNPVATEQYGEAPEVCQHEEK,6.84925573954
SEEEIWATNPTATEQYGCVSTMLYRGNF,6.84779478241
DEEEIRTTNPIACEQWGLVSSADFLGLM,6.84779478241
DEEEIRFTNPVATEDYGSRSTNLHRYNK,6.84779478241
QEQEIRATNPVATEMYGSASTVLQHGMR,6.8460701019400005
VDEEVRCTNPVASENYGSVATNLQRLNQ,6.845797972350001
DENEIVTTNPCATEIYGDAPTGLLPPTD,6.84140510712
SEEEIRATNPEATETYGEVSDNLDIGLQ,6.8398240713
DEEEIRCTNPVATEQYNSSSDPPEQYPS,6.8393825426
TEEYIRTTNPDCYIIWQMNYGDEYSELP,6.83833445316
DEEEIVATNPVCTEPFGNIGTNLQVGNR,6.8375701114
TEEYIRTTNPVATEQYGSVSGNTQPDQR,6.83735932975
FEMEIRTTHPVATEQYGSLSTYLQRGNR,6.83698802746
DEEEIRTTNPVAMNQYGSVHTPLQPGNP,6.834054725790001
GDSEIRTTNPCAYEFYGVVASNFERLLR,6.83268789002
DEEEIRTVNPVACEQYGSVETPLYRGNF,6.83201514809
GDEEIHTCNVCATEFYGSVSSNLQRGLR,6.83003831161
SEEEIRQTNPVATEQGGSVSVALAVGDA,6.82794997102
CEFEICTVNPCCTEQYGSAPTVIQGGTI,6.8274952208
DEEEIATVNPVATEIYGEAGENIQRGNL,6.82694390749
DELEISTTNPVATEVCGSVSDELYGGAN,6.82662188932
DEEEIRTSNGFATEQYYSVSPNYFLGNN,6.82270380145
SEEEIRTTNPVSTELYGIVDTNDMLGDY,6.82270380145
DEEEITTTNPVSVEMYGTVSANPQLGNV,6.82217466334
REGEIKQTNCVAYEGFGFVSGNLQRQQA,6.82168889107
QEPEIRTTNPVATENYGWASEIQQMGNT,6.82162272606
DEQEIRTTNPVATEQYGSVETDDEIGEF,6.8184632503
DDMEIRTTNPVSSEQYGVVSTNLQRLNR,6.81736106238
YEEEIRTTNPLGTEQYGSVSENLERGMG,6.817271408921183
ADSELASTNPVSTELYGIVATNLMRGNR,6.8167121789
FGHYVRCCNTFCMDICYAACALPEFDFG,6.81476598203
DEECIRTTNPFATQQYGSVETGLDPGNP,6.814700959349787
AEHEIWSTNPVATEMYGGVSITLQRGQM,6.81032007699
HDEEIRGTNPIAFEAGYHVSCTPQGLNH,6.81032007699
ADSELASTNPVSTELYGIVATNLMAQAS,6.8093878023
GEHEIRTTNPVATEQYGVIGTDLQEPNW,6.80822769803
CSLCIRTTLFVATCCQFILQGTVLISAH,6.8078560370400005
DEEELAGTNPVATEQFGDATEILQAPGR,6.807129898225988
SENEISCTNPVSTECYGDYSEAEMVGNW,6.8055030607
HIDNIRATNPILVASQLTVWMCICGMEM,6.80483662288
DEEEIRTTNPEATDHYGSVDDDLQLEFL,6.79888518193
DDEEIATTNPVATEMYGFVATVLCAEER,6.79455276114
SLECIRTTNPFAWACGGSVETGPYNGLF,6.79376890073
DEEVIRTTNPCYTLQYGSVVTNLQDGNR,6.79315952584
SEEEIRTTNCICTEQYGSVSTNVQYGNR,6.79290302392
DEVEITCTNPVCTEVYGAVSDAEEVGNT,6.792530763549999
YEHELAGVNPCSTEQYGCVSCNLQREEA,6.79028232376
DEEEIRTTNPFATLQYGSVETGLIPGNP,6.786861104170001
FTESIRTTNMVATEQYGSVSTNLIKGNR,6.78547600602
DEEEIRTVNPVFTSQYGSVSTNCQRNHR,6.78547600602
QENEIRTTNPVAGFWYGIVTEEEQSGPF,6.78328564995
DEEEIRATNPDCTEQYGSVSTWLNRGDR,6.78206181695
DESELKAVNPVASEQYGSVSNQVQRGTR,6.78183152003
YEHEIRCTNPCATEQYGWVDSNEQRGND,6.78036685489
MHFEIAACNPVGTEMFGTMSDAEEIETK,6.7802074851
DEEEIRCTNPVATECYGIYSTEEEIGNY,6.77994642795
NEHEIRTTNPVCTEQYGSVSEDDCHGNS,6.7798179886
DEEEIVGTNPVATEWFGSAATNLQRGNR,6.77869300038
SVFVINATIYGLWLIFQNAYFHPDFFQF,6.7769339085
SVFVVNACIYGLWLIFQNAYFHPDFFQF,6.77569373388
DENEIRCTNPDATEQYGVVSEEGQRGNW,6.77418466674
DEEEITTTNPVCTEVYGAVSDAEEVGNT,6.77379420097
AEEEIAQTNPFATEQYGDVSTEPLIGEY,6.77278567591
DEEEIRTTNPYATEQYWSVEEGDTWEDT,6.77199195834
DEEEIRTTNPDATEQYWSVETPDDPGEP,6.76825601743
CEQEINTTNPVATEGFGDISENLQRGER,6.76779546035
DDEEIRTTNPTASEMYGSVATNLERGNR,6.76659869957
DEHEIATTNPCATEQYGDAFEDECHEDQ,6.76414403094
DEEEITTTNPVATEQYGSVDTDWCAGNC,6.76352586552
DECEITCTNPVATEHYGGTGEALEWLDL,6.76112037093
YDHELAGTNPCSTESYGCVCCNWQNENR,6.76045956247
DEEEIRTTNPVATEQYGSVDSEEEWGNQ,6.75809970996
DDMEVRQTNPVSSEGYGVVSTNLQRLTQ,6.75645958996
TEEYIRTTNPVATEDYGSVSGNTQPDQN,6.75587229297
CMLEIIPVNYVSVEVFGEFGITYMTEQM,6.75468537802
QEAEIAQTNPVATEMYGWASDVLQRGNR,6.75394226587
DEQEISTTNPDATAQYGGVSTNLETGEQ,6.75273258544
DEQEIRTTNPEATEQYGSVETPETIGEI,6.751576586380001
NEIEIVTTNPVATEMYGNCSTLVQRGNR,6.7514263879400005
DENEIVTVNPFCTECYGSVSTGLQVGNQ,6.75106013925
SDEEIATCNPTATEMYGAVNTGPMVGNS,6.750783097479999
DEEEIRTTNPEATEQYGSVDTCLNHGDW,6.74855690947
DESEIRAVNPVATEQYGSVSNQLQRGTR,6.748492762610001
MRDDIRTHNPVATEQYGSVSTNLFRGNR,6.74631346455
DEEEIRATNPDCTEQYGSVSIWLNRGDR,6.74137272328
DEVEITSVNPVATEQYGGVSNNLMRLTI,6.74068588916
YDHELAGTNPCSTESFGCSCCNWQNENR,6.73927032564
YEPEIRTTNPVATHQYGSVETNQRRDND,6.739120601186533
DEEEIRCTNPTATEMYGGVSNDEQVGNY,6.738170291239999
DEEEIRTTNPYATCQYGSWHEGEMEGNP,6.738170291239999
DEVEITSTNPVATEQYGGVSTNLMRLTI,6.73721958607
DDEEIRTTNPIATEQYGTTGTELEREMI,6.73574559312
SEQEICCCNPACTELYGSVSVGDQQGTH,6.735466082309999
IEDTCSTTFFPMCIWIQSGVGLYCDSDP,6.735466082309999
DEEWIRTTNPVAHEQWGHVSTNEYYGGR,6.7336987953900005
KTNEIRPFNGNAMESYGSVSYGDEEGNM,6.7336987953900005
DEEEIRTTNPFATEQYGSVETGPYNGNF,6.73315221647
DCEEIRTTNGSASEQYGSVSTNFQIDNN,6.73245340559
DTEEIRTTNPHATCQYGSWHEPEMTGDP,6.732368356069999
GEHGTLPTNSMGTGFYGVIGGDITEPLW,6.73231756499
QEQEIRTVNPVATEMYGIACVNLQYGGR,6.73178667445
DELELRTVNPTAWEQYGSVAEEPQFYNR,6.7302464853
DEEEIRCTNPVATEVENSSSDPPEQYPS,6.73004342483
REGEIRQTNPVATEGFGFVSTNLQRGNR,6.7278579168
AENEIACVNPVATEMYGEAAEVLQHGGR,6.72416343324
SEVEIAATNPTATEQFGGVSENEQQGNF,6.72401515275
GDSEIHTTNPCAYEFYGVVASNFERLLE,6.72255597342
DEDEIYQTNPVATEQYGLVSTTCQKEEM,6.72170568982
QEEEIAQTNCVATEQYGVVSTNWLPGMD,6.720501609419999
DEECIRTTNPFATQQYGSVQTNFQRGSR,6.71959690658
AEEEIAQTNPFSTEQYGVVSEDQEVGED,6.719459308299999
DEEEIRQTNVMAYEGYGSVSTNLQLGNR,6.71934641695
SLEQIRTTNGDAFGWWGCWDPAFFYGTY,6.719103559440001
QENEIVQTNPVATEQYGEAPEVCQHEEK,6.717689099079999
DEVEISTVNPEATFIFGCVSANWQQGNF,6.716909137429999
MEFEIATCNPVATEMYGTMSDAEEIGTK,6.71634392879
PEESIRATNPTATHFYGSVSTNLDRGNR,6.71607870311
QEEEVRATNPCASEQFGCTSANLEIGNR,6.71490051192
DEVEIVATNPTATEQFGSVSTNLQHGPF,6.71401297264
SEVEIRTTNPTATETFGEVSEAEQNGNF,6.7109880445000005
QEDEIATTNPCCTEVYGCADDEDQTGNC,6.710068603359999
DDEEIRCTNPVASEIYGCVSMNLERGNR,6.7099625891
DEQEIRTTNPEATEQYGSVSTDDEIGEF,6.70863203474
DEEEISTTNPCATVQYGDYWETDQSEEA,6.70863203474
GDEEIHMCNVCATWFYGVVSSNLQNLLR,6.70852609541
YEEEITTTNPVATEMYGEAPTVLQHPQH,6.708150584729999
QEVEISTVNPEATFIFGCVSANWQQGDF,6.7080965684
DEEEIRTTNPDATEQYGSVFEPLCNGEN,6.706787512469999
SEDEIYATNPAATEMFGEVSENWQIGTQ,6.70340487308
SEEEIYATNPESTEHYGCVSNGPQHETV,6.70340487308
DEEEIRTTNPFATEQYGSWDTGDDPGND,6.70340487308
REGEIKQTNPVAYEGFGFVSTNLQRQQA,6.70324149228
YEENISTTNPVATEIGGSVSTDDQRGNQ,6.701967602769066
CEFEICTVNPVATEQYGSAPTVIQGGTI,6.70065949634
DEEEICTTNPESTEQYGCVSVALQLGPH,6.70046359777
DEEEIRSTNPVATEVYGWVDEAIFWGDR,6.700188160390001
CEDELRQTNPVATEQYGVVSENPQHGNH,6.69838679831
AEMEIRQTNPVSTEQYGDVATPLQHGNG,6.69812993104
PSWRTRQTNYICCWVYTHCYHGDYWPDS,6.69717291937
DEEEIRTTNPDATQQYWSWETPDDPGEP,6.69677178075
QEVEIVATNPTATEMFGVVSTDLQHGPF,6.69625395365
DEEEIRTTNPDATEQYWSVETPDDDGEP,6.6948428595700005
DEHEITTTNPCATESYGSADENEQDGNI,6.69447174831
SEFEIRQTNPVSTEQGGSVSVAVAVGDA,6.69077726475
DEMEITTTNPVAFEQYGSVVHNLQRMHN,6.68224026308
DDEETACVNPIACELFGTVSMDLQVPTF,6.67863696793
DEQEIRSTNPVATEWYGNVSDCLMGFNL,6.67863696793
DEHEITTTNPCSTESYGSADENEQDGNI,6.676769746570001
GEEEVSTTNPQDTEQYGFFMEFEYPGQN,6.67618340434
SEDEICTTNPVSTELFGDASVNLQFGDF,6.675762118010001
DEEEIRTTNPFATEQYWSWSTNLFAGEM,6.67470944008
EEDEISGTNPVACENYGIVTDNIQHEER,6.674258527419999
TEEYIRTTNPDCYIIWGSVYTNEYSELP,6.674258527419999
DDEEIRCTNPDATEQYGVVATCPIRPNS,6.67381807709
QEEEICTTNPCCTEGYGDASTAWQDGNR,6.67252277721
DEEEIRTTNPDATEQYWSWETPDDDGEP,6.671696013349999
DEEYIRTTNPSATEQYGSVSEDDDTGEM,6.67080020765
DEGEIWTTNPDATEQYGVVATNIQPGND,6.67029656127
QESEVASVNPVGTEGYGVMASTIQHGDI,6.66811612307
DEEEIRTTNPEATEQYWDWEEEDEHEEN,6.6664106656
AENEIAQTNPVATEQYGVVDTDDEVGEL,6.66393059001
DENEIRQVNPVMTENYGQASSNQERGTD,6.66276288858
HIDNCRATNPILVASQLTVWMCICGMEM,6.66276288858
DEEEIWTTNPVALMNYGSVSTNGQPGNR,6.66276288858
MENEIATTNPVATEQYGDASEEEQHEEM,6.66166536472
SEEEIAATNPTATEMFGGVSENPQVGNA,6.66158469738
DEEEIRTTNPDATEQYGSVETPLDPGNP,6.65990323444
DEEEVRAVNPVATELYGGVGSNLERGNR,6.657864089169999
DEQEIRTTNPVATEQYGSVETNEDWEDV,6.656253779709999
YDHELAGVNPCSTESFGCVCCNLQREEA,6.6560991583
DEQEIRTTNPFATEQYWSVETDLEAEED,6.65379442486
AENEIAQTNPDATEQYGVVSENQERGDR,6.65172071779
DEEEISCVNPCSTEQYGSVSDEDQRGNT,6.65150377117
YEESIASVNPVCTFTYGSVVDNFQSGSQ,6.6512623402
HDTEIRTVNPIATEQYGTTGEELETEMI,6.651174914309999
DEEEIRATNPVATEQYGVVSTADEYGEC,6.651174914309999
DEEEIRTTNPVCTELYGAVDMDEQRGNV,6.6509565873100005
DEEEIRTTNPCASEIYGAVCTNLERGNR,6.650411785459999
DEVEIVTTNPAASEQYGWVSTNLQNGNF,6.650411785459999
DAECIRTTNPFAWQQYGSVEHGLDPGNP,6.64978503458
DEEEIRTTNPIACEQYGLVSSADFLGLM,6.64973620828
SEVEIGTTNPTGTETFGEVSEAEQNEGF,6.649633616640001
REETIRCTNPVATEQLGSVNTSLQRGNR,6.64657365048
FEHELCAVNPVCTEPWGCVAELVQGGNT,6.64635513206
DELELRTVNPVAWEQYGSVAEELQFYNR,6.646304465849999
SEEEITTTNPVASEVYGSVSTILQYGNR,6.64422693714
QEAEIAQTNPVATEMYGSASDVLQRGNR,6.64328388064
DEVEIRTTNPEATEQYGHVSTGLLVGNE,6.64286333114
DENEIRTTNPVAGFWYGIVTEEEQSGNF,6.64240380095
DESEIRAVNPVATEIYGVMSTDLDYGEA,6.64215768425
AENEIAQTNPDATEQYGVVSEDQENGDR,6.64134390495
DEEEIGSTNPVSTEWWGDVSTALMRGTM,6.6408203357
GESEIRTTNPICTEQYGSVSTELERGNR,6.64015331685
MEEEIRATNPVATEGYGIADTAGEVLDL,6.63781653145
DEEEIRTTNPEATDHYGCWDDDLELEFL,6.63629067722
SEVEIATTNPTATEQFGDVSELECQEDF,6.63629067722
DEVELRTTNPPATEFYGSVSTNNQKGNR,6.63629067722
DESEIATTNPPATEPYGYHNQNDSEGEM,6.634896095149999
DEEEIRTTNPDAWEIYGSWETNLDRGNR,6.633908025909999
YEIEIASVNPVCVFTYGVSSDNFQSGSQ,6.633181885579999
DEEEIRTTNPYATEQYGSVETGDTWENT,6.63105402885
DEEEIRPTNPDCTENYGSVAMCEDPGDG,6.62990706043
DEEEIRTTNPYATEIYGFVSNDLGPGTL,6.629404291629999
DTECIRTTNPYAMLQWGSWHTGEIEGNP,6.62902267676
DVNEIRTTNPVATEFYGLVSTDEQQGNV,6.62811674577
HIDNCCATNFILVASQLTWWMCICGMEM,6.62737595241
DEEEIRTTNPDATEQYGSVDYNLDLGLA,6.62540236108
DEQEVRCTNPVASEIYGCVAMNLERGNR,6.62248487769
SEQEISATNPEGTEQYGQVSTCPNLGDD,6.62179110752
HETEICSVNPVATEVYGNTAMLLQQGQI,6.62029474744
SEGEIRTCNPEATEIYGSVSTNWQQGLR,6.62029474744
DEDEIRAVNPVATEQYGGCSDTVQHGTT,6.61978368889
QEEEIAQTNCEATEQYGVVGTNWLPGMD,6.61616247572
INDTCSTTFFPMCIWIQVGVGLYCDSDP,6.61522906169
GEEEIRTTNPVATEQMGWVATDDDPPNI,6.61471128208
SEFEIMTTNPASTEQYGSVSVNVQVGDA,6.61430465219
QEAEIAQTNPVSTEQYGWASDVLQRGGR,6.61398487564
DENEIAQTNPFATEQYGDVSTDQEVGED,6.61263940915
DEFEIGGTNPVCTEQYGSVSDTLQRGNA,6.61263940915
SEEEIRTTNPEATEQYGSVDTADLTGEA,6.61210216746
DEDEIATTNPCCTEVYGCADDEDQTGNC,6.61002142651
DEEEIRTTNPDATAQYGDVFEDDCHGNC,6.60933514362
DDEEIAPTNPVATEMYGFVATVLCAEER,6.60757316829
DEEEIRTTNFDATAQCFDWFEDDCHGLC,6.60667022992
DPEFIWTTTPVAMEQYITVSTTLQWGWR,6.60486366514
VEEEIRTTNPIATFQYGCVSSDLERPNP,6.604463068459999
DDGEIRTVNPVCTENYGSVSTNLERGNR,6.60386919953
NENEIVSTNPCATEIYGDAPEGGLPPTD,6.60386919953
SEVEIGTTNPTGTETFGEVSEAEQNENF,6.60186684662
DEEEVRCTNPVSTEWYGGVGMNLQRGNR,6.601525259060001
DEEEIRTTNPDATEQYGSVSTPLDFGDC,6.6014051595800005
DEDEIRTTNPVSTELFGDVSTNLQFGDF,6.60104315545
DEEEIRTTNPYAMLQYGSVHTNDQPGNR,6.60055646549
DDEEVRCTNPDATEQLGAVSTNLQRGNR,6.60043829413
MDLEIRAVNPVCSEGWGIADMAGEVLDL,6.59906821326
SEEEIRPTNYVAGEQCGSWSTNLQRGNR,6.59822263639
DPEEIRTTNPVATEQYGSWSTGDQRPNP,6.59747142833
DEQEIRTTNPVATEQYGSVDTDEDLGEP,6.59648966916
REEECRTVNPVATECYGSIDMDWCAGNC,6.5961065161
SEFEIYTTNPTATESFGYVSVDWQHGDS,6.594591385939999
YSEEVATTNPMAIMGCGSVSCDLEAKYV,6.59438360107
SEEEIRQTNPVATEQGGSVSVALAVGDR,6.59322195533
DEEENDTTEPCATEQYTSVSTNFQRGNR,6.59237356069
DEVEIRCTNPTCTECFGEVSNDVQNGTA,6.59151199301
SENEIRTVNPVATEQYGSMATDPELENM,6.59123724181
DEVEIRCTNPTCTECFGEVSTDLQNGTA,6.59019426263
DEIEITTVNPDATEQYGGVETDVQNGTE,6.59019426263
DEEYIRTTNPDATQQYGSVFTPDDDGND,6.589615215849999
DEEEIRTTNPDATEQYQSVETGAEGGNN,6.587723263998244
DEGEITTTNPVSVEMYGTVSAAPQLGPV,6.58769050142
CSLEIRTTLFVATCCQFILQTTVLIGAH,6.58699538096
DEDEIVTTNPAATEQYGDVSTDEQSGNF,6.58625979993
DLEEIRTTNPTATEQFGSVETGPYQGLF,6.58525352136
DEIEIVATNPVSTEQYGWVSTLLQHGGT,6.58513263695
DEEEIRTVNPVATEQYKSVCTNEQVVNC,6.582981072659999
YEVEITTTNPCATELYGWVSDNECTGNF,6.58231305616
DEMEIRTTNPDATDQYGSVEYELFLDEQ,6.57914677012
QEEEIAATNPVATETGGVVSTALQQETY,6.57857517936
GEVEIRQTNPVCTECWGLTSMTLQRGMR,6.57757790171
DEDEIGSTNPVSYEWWGDVSTALMRGTM,6.57634813676
DEEEISCTNPVCTEIYGSVSENDQMGNF,6.57608604301
QESEIRTVNPVSTEQYGNASCVLQRGNR,6.574837899349999
REHEITCTNPVSTEHYGAVSDDEQVGNA,6.57400639897
YEEEIVCTNPVCTEQYGSVSMEEEVGNY,6.5721603398
DEEEIRTTNPDATEQYGSWETNEETGEH,6.57070233559
DEEMIRTTNPVAQETQGSNTTNLRRGCF,6.56931197749
DVFVINTTIYGLWLIYQSAYTHPDFFQF,6.567840890339999
DEEEIRTTCCVQTEQYPSVHTNLQRGNR,6.56781747167
DEEQIRTTNPDATQQYGSWSTNLDPGNR,6.56781747167
NEIEIVTTNPCSTEMYGNCGMLVQRLNT,6.56590134933
DEAEIVQTNPVATEQYGGVSTTLQQGTL,6.56446081497
DEEEIAGTNPVATEQYGDATTILQAGGR,6.56432002743
DEEEIRCTNPTSTEMYGGVSNDEQVGNY,6.56353433478
DEQEVRTVNPCATEVYGVVAMNLQRGNR,6.5626465368
QENEITATNPEGTECFGCVAENPAVGPH,6.56247483168
EEERIRTTNPVAFEQYGSRSLMLQRGNR,6.5615522086
YEVEIACTNPCCTECYGTADDDWCHGNG,6.561522908820001
PAEEIRTTNPVAYEQYWSVSTNLDPGNR,6.56080047764
DEEEIRTTNPEATEQYGSVETNDDRGEW,6.55941560108
DEVEIATVNPVAHEIYGIVSTAWQIGDF,6.55901496374
DEEEIRTTNPDATEQYWSWETPDEWGEM,6.5587813100000005
DEQEIRTTNPEATEHYGSVETPETIGEI,6.55858832023
AEVETAATNPVATENFGWVASNLQRGTI,6.55806550991
DEQEIRSTNPVSTEWYGNVGDCLMGFNL,6.55656348475
SEEEIAATNPTATEQFGGVSENPQVGNA,6.55656348475
IEYEIRTWNPVATEQVGSVQTNLQRGNR,6.55656348475
DEEETRTTNPISTEQYGCVSTNFERGNR,6.55542884447
HDEEIRCVNCDASEQYGVVATCPIRPGS,6.55387828071
REIEIMSVNPVSTENYGEVSCILQQGTR,6.55298803052
DESEIRTTNPVSSELYGCTSTPLQAGNS,6.55257997083
AEDEVSTTNPVCTEMWGFISENLQHFNR,6.551709423309999
DEDEIVCVNPVCSESYGSVSTILQLEMR,6.551155980319999
REESIRTSNPPATEQYGWVSTLLMRGNR,6.550079654539999
VDQEIRATNPVATEIYGAVSMNLQRGNR,6.54907672669
DEEEIATTNPVATEMYGFVSTVLCAEER,6.54676474859
DSEEIRTTNPFATLCYGSVSTNDQRGNP,6.5455252133
SEFEIRQTNPVATEQGGSVSVALAVGDA,6.544131253130001
REGEIRCVNPCATEQYGAVCTNLERGND,6.543926659069999
DELEIRTTLFVATCQQFILQTTVLIGAH,6.543651676690001
DENEIRTTNPLATQQYWSWEDDDDNDEG,6.54332765759
QEGEVCAVNPCCTEGYGDAGTAWQDGNR,6.54311516845
QEEEIVTTNPVSTECFGVVITSGCCPEI,6.54294020088
DEEEIRATNPVATEQYGIADTAGEVGDL,6.5427936227800005
QENEIATTNPVATECYGDAPECLQHEEL,6.54246865486
DEEEITTTNPVSVEMYGTVSTNPQLGNV,6.54219230297
MEQEIASTNPVATEMYGSASEDLQYGDD,6.541712723459999
DENEIVTTNPCATEIYGDAPTGLLPPTD,6.541541930239022
GECELRTTNPIACEQWGLASSADFLMLM,6.54083545904
DEEEIRTVNPVCTEQYGSVDTNIQRGMA,6.54007248119
DGEEIRTCNPFAMDQYGSVSTNPQRGNG,6.53834562681
DMEEIVTTNPDATEQYGSVSTVDENGDF,6.53779001694
DEEEICCCNPVCTEQYGSVSTGDQQGTH,6.5376676686
DDGEVRTTNPVCTELYGSTSTNLQRGNR,6.53675500367
SENEISTTNPCSNVLWGDYWETDMSEEA,6.535872492659999
GDSEIHMCNVCATWFYGVVASNLENLLR,6.534067168630001
DEQEIRTTNPEATDHYGCWDDDLELEFL,6.53347987164
AEVETAATNPVATENFGWVSSNLQRGTR,6.5323159385
DEEEIRTTNPDATEQYGSWETPPQDGDI,6.53213344593
DEEEIRTTNPHATEQYGSWHDGEMEGNA,6.53171941377
DFEAIRTTRPIATEQYGSVSTGLQRGNR,6.53118659419
DEEEIRTTNPDATEQYGSVETDDELGNS,6.52966825769
DENEIVTVNPFATEQYGSVSTGLQVGNQ,6.52803778657
FEEEIRTTNCHATEQYGDVSTCIQSEKN,6.5272479179200005
DEEEIRPTNPVATEIYGSWDTEPGDGDN,6.52666618605
NEHEISTTNPVGTEQYGSVDSEDCHGNS,6.52586668753
DEEEIRCTNPVCTEQYGAADMNLQTGNG,6.52586668753
DEQEIRTTNPVATEQYGLVDYNEEPGNE,6.525259364830001
DEEEIRTTNPCATELYGSVFMNWCNGND,6.52469898609
DDQEIRSTNPIASEIWGAVSNNLERGNR,6.52310818756
MDTEIRTTNPVATEQMGSVSTNLAFGNR,6.52283262744
QEVEIYCTNPICTEIFGCVSAALQGGDN,6.52140703934
DEAEIATVNPVCTEVYGDVDDNIQFGNF,6.52095556224
DEEEIRTTNPVSSELYGCTSTPLQAGNS,6.5205408159300005
DEEEICTTNPFATEQYGIVPTEQQYGLL,6.520037608719999
DDQEIRTVNPIATQQYGSTSTNLQRGNR,6.51917203495
DVEEIRTTNPVATEFYGLVSTDEQQGNV,6.51898030194
DEEEIRTTNPFATEQYGSVDTPDDQGNA,6.51862191291
DEEEIRTTNPFATEQYGSVETPDDPGNP,6.51678358276
SEEEISTTNPCSNVLWGDYWETDMSEEA,6.51584867181
DNEHIRTTNPIAFEIYGSVSTPAQPGNR,6.515391243869999
GEEELRATNPVATRQYGSVSTALQRGIR,6.5137685450100005
DEEEIRTTNPHATEQYGSWHTGEMEGNA,6.51075979514
VTIPIRCTNCFLWCTYGTNSNPECEGIH,6.51075979514
DEEEIRTTNPEATEQYWDVEEEDEHEEN,6.51075979514
QEEEIRTTNPEATQQYWDVDTEDFDEES,6.51075979514
MEGEIACTNPEATENYGQVDMGWYWGND,6.5086145233
DENEIVQTNPVATEQYGDASENLMHMQQ,6.50530536504
VDVEITSVNPVASEPYGGTSNNLMRLTI,6.50294029068
CSLCIRTTLFVATCCQFILQTTVLIGAH,6.50177101191
DEVEITCTNPVCTEQYGAADMNLQTGNG,6.50019055343
DEEEIICTNPYSSEQYGSVSTNLERGNR,6.499171820859999
DLEAIRCTNPGAIQFWWIVWEGECILLP,6.49837607068
DEEEIRCTNPVSTECWGIVDENLQVGNS,6.49770364231
DEGEIRCTNPEATEQYGQVSTNLYWGND,6.49559998796
EELEIRTTNLVATEQYGSVNLNLSRGNR,6.49516294008
DEEELAGTNPCATEQFGDATEILQAPGR,6.49445798281
DEEEIRPTNPMATEQQGSISTNLTEPNW,6.492314127809999
DEEEIRTTNPEATDHYGSVSDDLQLEFL,6.490552345339999
VEIEIRCTNPFAWETYGTNSNNECEGIR,6.48839198211
DEQEISTTNPDATAQYGGVSTCLETGEQ,6.48730082231
DESEIRCTNPVATETYGDASNILQRGNS,6.48730082231
DDEEIRTTNPESSEQYGSVSTPETRGER,6.48722428067
DEEEICTTNPVSTEQYGCVSVALQLGPH,6.48691305318
QDQEIATVNPVSTEIYGSVSEVLQHGMR,6.486685660159999
DEVEIYTTNPVVTEQFGVVNENSQRGGM,6.485224703030001
QEDEIAQTNPVATEGYGEAPEVCQHEEK,6.48311704007
TEEEIRAVNCVATEQYGSVGTNLQRMNR,6.482190642940001
HELELWTTNPVATEGYGTAAENLQRANR,6.48196253083
MELEIRAVNPVCSEGWGIADMAGEVLDL,6.48180842144
DEEEIRTTNPTATEQYGSVEEGECQGDF,6.48101245174
VEEETHCTNCIAVFQWGCVASDLERPTP,6.48101245174
QEVEISTVNPESTFIFGCVSANWQQGDF,6.48063012895
ADSELASTNPVSTELYGIVATNLQRGNR,6.480092658889999
DEEEIRTTNPVCTELYGSVDMDEQRGNV,6.47999754136
DEEEIATVNPVATEIYGEAGEVIQRGNL,6.47833831744
QEEIIRCCNPTMTEMYGTMDEVEQQGPE,6.4780112128
DEEEIRTTNPYATEQYGSWHEGEMEGNP,6.47791653845
DHEEIRTTNPDATQIYGSVWHGDDPGNP,6.47681246321
NENEIVSTNPCATEIYGDAPTGLLPPTD,6.473285089719999
QEEEIRTTNPDATQQYGSVETDDELENS,6.472624666250001
PEEEIRTTNPFAYENYGSVETNLDRGNR,6.472624666250001
DEEEIRCTNPCASEIYGAVCTNLERGNR,6.47237870341
SEGEIMTCNPEATEIYGCVATNWQQGLR,6.471840805839999
DEQEVRTVNPCASEVYGVVAMNLQRGNR,6.47091045668
DEEEIRSTNPVATEVYGWVDEAIFWMDR,6.47049592492
DELELRTVNPVAWEQYGSVSTELQFYNR,6.47001345279
DDEEIACVNPIACELFGTVSMNLQVPNR,6.469418999749999
SLECIRTTNPFATALGGSVETGPYQGLF,6.468448990280001
SEVEIRTTNPTGTETFGEVSEAEQNGNF,6.4672581565
DEVEIATTNPTATEQYGEVSELECQEDF,6.46696467726
FEGEIRTVNCIGSEQYGNVSSNLQRLND,6.4663656757800005
NEDEIATVNPVSSETYGIVGTNLQRLTR,6.4663656757800005
DEEEIRTTNPDATQQYGSVFEPECNEEN,6.4663656757800005
AENEIAQTNPFATEQYGVVSEDQEVGED,6.462116202780001
DEMEIRQVNPVATEQYGSCSTPLQRGTG,6.461937316549999
QEQEIVTVNPVSTEMYGEAAEVLQHGGM,6.46063631571
DEDEVVATNPVCTEPFGNIGTNYQVGNR,6.45898614541
DEEEIRTTNPDATQQEWSWSTNLQRENR,6.45892086362
NEEEISCVNPCSTETYGSADDEDQRGNT,6.45813086765
AENEIAQTNPFATEQYGVVSEDLQRGED,6.45811831539
DESEIRTTNPVCTEPYGCVSTNDCRGNR,6.45732053617
HDTEIRTVNPVATEQYGTTGTEDETEMI,6.4563120111100005
DTEEIRTTNPYATCQYGSWHEGEMEGNP,6.4559939917
DEGEIVATNPVATEVYGDVSTNIYHGPF,6.4556551957
AEEEIRTTNPDSTENYGEASTNLQLGDA,6.45541008412
GEEELVCVNPVCTELYGDAAENLQRGNR,6.45526468254
DAECIRPTNPFATAQYWSWDHGDDPGLD,6.4549065604
QECECVCTNFCATYHYGFVDEVDYGFGN,6.45356439355
DEEEIATTNPVCTEQYGDVDEDDCHGNR,6.45329603835
GEEEIRSTNPVSSEQYGSVGMNLQRGNR,6.451866106080001
DEEEIRTTNPFATEQYGSVDTCPDMGEL,6.4506388027
DEECIRTTNPDATEQPGSVETNLDRGNR,6.44964828083
MENEIRTTNPVATEQFGIVSETLDFFMS,6.44935925047
GDMEVACTNPVASEQYGSVAMNLQRLNQ,6.4482638694
DESELKAVNPCASESFGSVPTNVQRLTS,6.44802403979
DDQEIRTTNPHCTEQYGSVGNNDMFGTA,6.446629457719999
YEISIASVNPVCVFTYGVSVDNFQSGSQ,6.44580435329
DEQEIRTTNPVATEQYGSVETDEEDGEF,6.4456071156100005
CETEISCTNPVASELWGDMSALLQRGQM,6.44408875549
QEVEIATTNPVSTELYGDVSENLQTGEY,6.44345429102
DEEEIRTTNPDATEQYWSWETPDDPGEP,6.44329682736
DEEEIRTTNPFATEQYGSVETGLDPGNP,6.4430547788000005
YEEEIRTTNPVNTEQYGAVSNNLEDGNG,6.441652698288865
DEEELRTTNPIACEQWGLVSSADFLGLM,6.43971004378
NLNCCVGVNCFCSEQYGYFFTGLCVLLQ,6.43861000938
DPETIRTTNPDAFQQYWSWEHPDDPGEP,6.43861000938
NEEEIRTTNPVATEVYGCADMDWQQGNS,6.4380034527
DEEEIATTNPVATEMYGFVATVLCAEER,6.43791898825
DEEEIRTCNPVGIEQMGSVSEDLQIGEM,6.43751081311
DAECIRPTNPFAWQIYGSWEHGGDPGLP,6.437479908329999
DEVTIAGTNPEATECYGSVSTNEQHGNF,6.435769899369999
DEEIIRTTNPVATLQYGSVWTSLDEGNL,6.434410704839999
DEDEVRAVNPVCYEPFGNIGTNLQVGNR,6.43275728313
REEEMRTTNPVATAQYGSVSIALERNND,6.43275728313
DEEEIRTTNPVATLKYGSWSTPLIEGNR,6.43164107802
NESVIRTTNPVWTEQMISVSTALQNYNR,6.42983979975
NEEEIRTTNPTATFFYGSVSSDLQRPLR,6.42937146829
DEVEIICCNCTCTECFGEVDNDVDNGTA,6.42937146829
SENEIVATNPEATETYGEVSDNVDIGLQ,6.428976308238989
DEEEITSTNPVATEQYGIASYNLMRLTQ,6.428108614959999
DEECIRTTNPFATQQYGSVETGLDPGNP,6.42754642689
DEEIIRATNPVATLQYGSVWTSLDEGNL,6.42710186609
GECELRGTNPIACEQWGLASSADFLMLM,6.42686187074
DEDEVRAVNPVCYEPFGSVGTNLQVGNR,6.42603711623
DCEEIRTTNPIATEQYGSWSTCLCRGNR,6.42587089755
QEAEIAQTNPVATEQYGWASDVLQRGGR,6.425477707439382
AEEEIRSTNPVATFQYGHISTNFQRGNR,6.42329695389
FEEEIRTTNCHATECYGDVSTCIQSEKN,6.42329695389
DEEEIRTTNPASTELFGVVSNNGAHGDH,6.42329695389
DEEEIRTTNPEATDHYGSWDDDLQLEFL,6.421775075474915
DEQEIRATNPAATEIFGEVSDNPQTGPA,6.42015724635
CEEEIRPVNPDCTENYGSVAMCEDPGDG,6.419906364680001
DEEELRAVNPVASEVYGGVGMNLQRGNQ,6.41961190708
GEVEICTTNPCASEVYGSVSANLQRGTY,6.41944462839
DLEECVTTNPFATEQYGYFFTGLQRGLQ,6.41918319278
DEMEIRMVNPYCTAQYVSNSTNDQRGNQ,6.4156025621
GEEEIRQTNPVCTECYGLTSMTLQRGNR,6.4156025621
DEQEITTTNPVCTEQYGDVDEDLCHGNA,6.41454447988
DEQEIRTTNPEATEQYGSVETDDEREER,6.41389825588
YEHELAGVNPCSTEQYGCVSCNLQRGEA,6.410409269800001
MEEEIRTTNPVATEQFGIVSETLDFFMS,6.40995915435
DEEEITQTNPVATEQYGVVSTEDQAGET,6.409221768669999
DESEIRTTNPVSSELYGCTSTPLQAGNS,6.408391321265035
DTECIRTTNPYATLQYGSVHTGEIEGNP,6.40692398415
DEIEIRQTNPVSTEMYGGVSEQLQRGTR,6.406423135319999
DEEEILTRNPIAMTFYGSVSTNLQRGNR,6.406423135319999
HEHEIVSTNPVASEVYGGVCIELNVGPS,6.4059795856
DEEEIAQTNPVATEQYGDVPECPCHEEL,6.40572432444
DEEEIRTTNPTATFFYGSVSSDLQRPLR,6.405225380959999
FEHELCAVNPVCTEPWGCCAELVQGGTT,6.4045603913
QEVEIVATNPTSTEMFGVVSVDLQHGPF,6.40384459122
NEIEIVCTNPCSTEMYGNCGMLVQHLPT,6.40384459122
SEVEISCCNPECTEIFGVVSENDQMGDF,6.401638072759999
NEVEITCTNPCCTEVYGAVDDAEEVGNT,6.39904940764
DDMEVRQTNPVSSEQYGVVSTNLQRLNR,6.398285065880001
DEEELKAVNPCATESFGSVPTNVQRLNS,6.398285065880001
DEEEIRTTNPEATDHYGSWDDDLELEFL,6.3973928661018
DEEECRTTNSLATEGYGSVGTNLQMRNR,6.397197236309999
HEEEVRTTNPIASENYGAVGNGDQGGMF,6.39632990629
DENEIVGVNCFCSECYGYVSTGLQVLLQ,6.39528257772
DEEEIRTTNPDATEQYWSVSTGDQPGNP,6.39528257772
DDEEVRQTNPVSSEQYGVVSTNLQRGTQ,6.39306475247
SEQEICCCNPACTELYGSVSVGDQQLTH,6.39276258574
DEEEIRTTNPDATEQYGSVETDDDEGEV,6.39276258574
HEHEIVTTNPVATEQYGYCSTLLQRGNR,6.39181872241
CEEEIRTTNPVATEQPGSWSTNLGAGSR,6.39120909527
DEEEINTTNPVGTEQYQSCSTNPQRANP,6.38974439417
AEEEIAQTNPVATEQYGDAPECPCHEEL,6.38913035073
DPEEIRTTNPFATEQYGSWWEGDWDGEN,6.38522891305
DHEEIRTTNPQATQIYGSVWHEDDPGLP,6.38497422243
DEEEIRTTNPEATDHYGSWDDDLELEFL,6.38482280607
SLEEIRTTNPTATAQFGSVETGPYQGLG,6.38422738921
REIEIMSVNPVATENYGEVSCNLQQGNR,6.383292855800001
DFREIRMCNPVVTEYYMSVSRNLQRGNR,6.3825340849700005
GEHEIRTTNPVATEQYGVIGTDLQEPLW,6.38005610349
DVFVINTTIYGLWLQYQSAYTHPDFFQF,6.3799952657
DDQEIRSTNPIATEIWGAVSNNLERGNR,6.378454298869999
AENEIAQTNPDATEQYGVVSEDQENGDD,6.37786552464
DAEEIRTTNPFATEQYGSVETGDDPGND,6.37780105229
DSLEIRTTLFVATCCQFILQTTVLIGAH,6.37749326427
DEEYIRTTNPDATQQYGSVFEPPDNGEN,6.37749326427
DEEEIATTNPTATEQYGEVSENECQEDF,6.37663551512
SEEEIRCVNPVATEVYGCVSNNLERGNR,6.37653885538
DENEIVTVNPFCSECYGYVSTGLQVLLQ,6.37633347491
DEEELRTVNPVATECFGSVSTVLQRGTR,6.37583021505
YDHELAGTNPCSTESFGCSCCNWQNENA,6.37560021185
HELELWTTNPVATEGYGSASENLQRANR,6.37409724783
DEENCNTTNPVATEDYGSVSTNLQKGKR,6.37325627139
YEVEITCTNPCCTELYGWASDEECTGNF,6.372106255349999
CETEVSCVNPCSSELWGDMAALIQHGQM,6.37062052348
RDGETRTTNPVATEQYGSVSTNVQRGVR,6.37062052348
DDEEIRCVNPIATELYGTVSMNLQRGNR,6.3698972593
HEYEINTTNPVATIQYGSCSTYDLRINI,6.3697474856100005
DDEEIRTTNPVATEMYGFAGTNLMRLTQ,6.3697474856100005
FGGEIRMVNCIGSVQYGNAMSFLQDLAD,6.369403945889999
DEEEIRPTNPFATEQYGVVDNGELAGDE,6.36827165704
SEVEIGTTNPTGTETFGEVSEAEQNEGR,6.36780184129
DEEELRAVNPCATESFGSVPTNVQRLNR,6.365436766929999
DEFEIAACNPVGTEMFGTVSDAEEIETR,6.36523613718
GDSEIHMCNPCAYWFYGVVASNFERLLE,6.36478048932
DEGEIWQTNPDATEQYGVVAENIQPGND,6.36468153565
DEEEIRTTNPEATEQYGDVEEDDEHEEA,6.36460295963
DEEEIRTVNPCATETYGCVSSEDCRLNH,6.36189640922
GDEEIRCTNPVATEMYGFAGSNLMRLTQ,6.3607343511300005
DLEEIRTTNPFATAQYGSVETGPYQGNF,6.36020011856
DEMEIRTTNPDATDQYGSVEYEDFLDEQ,6.35875670169
SEQEICCCNPVCTEQYGSVSTGDQQGTH,6.35847495283
DEDEIGSTNPVSYEWWGDVSTALMRGTM,6.358347666538784
DEEEIRATNPVATEGYGIADTAGEVGDL,6.3576804651300005
VLELIRPTNPFAYLFYGSVEHGGIPGIP,6.35737016142
DEVEIATTNPTATELYGGVSENEQQGNF,6.35582396791
DDSEIRQVNPVATEMYGIVSEDLDAGDR,6.353218518149999
SLEEIRTTNPFATAQYGSVETGPYQGLF,6.35233043253
MEVEISSTNPEATEQYGAVSECGIQGNF,6.35156120029
DEDEIKAVNPVATEQYGGCGDTVQHGTT,6.351016170039999
HELELWGTNPVATEGYGTAAETLQRAQR,6.3499370008
DEEEIRTTNPEATEQYGSVDTDDEQGEI,6.34952575396
DEEEIRTVNADADEQYDSVSTILQWVNR,6.34742740324
DEEEVRCVNPIATEIYGSVATNLQRGNR,6.34701336862
NDIEIGQTNPAATEIYGTTSENVQHQGM,6.34555720394
DEDEICTTNPVSTELFGDASTNLQFGDF,6.345550116
SQEEGRTTNPVATECWGTVSTILQEGNR,6.3447498437
DEDEVRSTNPVATELYGCVGMNLQRGNR,6.344424915079999
DDMEVACTNPVASEQFGSAAMNLMRLNQ,6.34346504974
DQEAIRGTNPDATQLYISVESNDQLEVS,6.34083479369
DEEEIRTTNPDATEQYWSWEDPDDPEEP,6.34083479369
DEMEIRTTNPVATDQYGSVEYELQLDEQ,6.34083479369
DEEYIRTTNPDATQQYGSVSTPDDDGNF,6.34083479369
SEDEIYTTNPAATEMFGEVSENWQRGNR,6.34083479369
DESEVRQTNPTACECYGVVSENLQRGQR,6.337443314669999
DLEEIRTTNPTATEQYGSVETGPYQGLF,6.33662254241
AEVETAATNPVATENFGWVASNLQIGTI,6.33621816562
DESELKAVNPCASESFGSVPNNVQRLTS,6.334682566710001
DEEEIRTTNPDATQQYWSWEDPDDPEEP,6.33388203305
DETEIGTTNPYSTEQWGEVSEIAMYEEC,6.33287909468
SENEIVATNPEATETYGEVSDNVDIGLQ,6.33284200294
SEEEIHATNPCAHMFFGCISQGLDIGTE,6.331956642350001
MEFEIATCNPVATEMYGSMSDNLERGNK,6.33143609569
HELEIACTNPVATECYGDASTEIQTGMM,6.33124874486
DESEIRCVNPVATEIYGCVGTNLQRGNR,6.33124874486
DDEEIHCTNPDSTEWWGWCDYNLDLGLA,6.3297975092200005
SEFEIRQTNPVATEQGGSVSVAVAVGDA,6.32886215203
DEQEIRATNPIASEIYGAISTNLQRGNR,6.327256387189999
DDQEVRSTNPIASEIWGAVSNNLERGNR,6.326335224
DEAEIATVNPVATEVYGDVDDNIQFGNF,6.32548054682
DIENIRTTNPVATEQYGSHSTGLHRGNR,6.32376128033
CSLCLRMILFYMHCCQFILQGTVLISAH,6.32313279196
INDTCSATFFPMCIWIQVGVGLYCDSDP,6.32245626438
KEVAIRTTNPVANEQYQSLSTDLDRTNR,6.32209823111
DEEEIRCTNPFATEVENFSSDPPEQYPS,6.32189231114
MHFEIAACNPVGHEMFGTMSDAEEIETK,6.32187663599
DWVWIRTTNPVATEMVGSGSTWLYRGCR,6.32093523626
QENEIVTVNPCATECYQDASEDDQHEEN,6.32093523626
CESEIATTNPPATEPYGYHNQVDSEAEM,6.32002944621
DEDEIVCVNPVCSESYGSTSTILQLEMR,6.319618307780001
DEQEITATNPAATEIFGEVSDNPQTGPA,6.31913972259
QEEEIAQTNCVATEQYGVVGTNWLPGMD,6.31856562985
DDEEIHCTNPDATEQYGWVDYNLDLGLA,6.318114717189999
DNRWILGTNCITHMFWWHWHSCEYYLGW,6.31698805174
DEQEISTTNPDATQQYQSVEEGAEGEEN,6.31698805174
DEEEIRTTNPFATEQYGSWSTNDIPGNP,6.316381749970001
SEEEIRTTNPCAHMFFGCISQGLDIGTE,6.31611236428
DEEEVRCTNPVASEIYGSVSMNLERGNR,6.31541219681
GEEEIRTVNPVATEMYGSMSTDLQFGNV,6.31479265986
DEEEIRTTNPFATEQYGSVDTPDDQGMA,6.31436258233
DPEEIRTTNPFATQCYGSVETPDLPGEP,6.31436258233
DNRWIRGTNCITHMFWGHWHSCEYYLGW,6.31391806067
DEQEIRTTNPVATEQYGSWEDAEDWEDV,6.31361332496
DEMEIRTTNPVATDQYGSVETELQLDER,6.31345835476
DEQEIRTTNPEATEQYGSVETDDEVGEF,6.312490168
DEEEIRTTNPDATEQYGDVFEDDCHGNC,6.310822224630001
DEVETAATNPVATENFGWVSSNLQRGNR,6.310704072106488
DTEEIRTTNPHATCQYGSWHEPEMTGNP,6.309513182669999
FEEGIRTTNVVATSQAGSVRVMLQRGNS,6.309125933969999
QEVEIVATNPTATEMFGSVSTDLQHGPF,6.30826693124
DEDEIVCVNPVCSESYGSVSTILQLENR,6.307819736469999
DDQEIRSTNPVATEVYGWTSTNLQRPTR,6.307476196750001
DEIEIVTTNPVATEMYGNCSTLLQRGNR,6.30666819054
CETEISCTNPVASELWGDMSANLQRGQM,6.30651472051
DEQEVRTTNPVASEIYGAVSTNLERGNR,6.30529067684
DEEIIRATNPVATLQYGSVWHSGDEGIL,6.30485549659
DEEEIRTTNPVASFIYGSVGNNVQRGNR,6.30485549659
DDEEIRTTNPESSEQYGSVSTPETRGER,6.303958832822065
REIEIMSVNPVSTENYGEVSCILQQGNR,6.303164375730001
DEEEIRTTNPDATEQYGSWETPLQDGDI,6.302488482039999
SENEISSTNPVATEVYGSYSENEERGNS,6.30233951372
AEDEVSQTNPVCTEMWGFISETLQHFNR,6.30201694355
SEDEICATNPTSTELFGDASVMQQFGDF,6.30167782738
SEVEIYSTNPFATEGYGTVSTAPNRGNQ,6.301306429509999
DEVEIAATNPTATELFGGVSENEQQGNF,6.30085831798
DEVEIGTTNPTGTETFGEVSTALQRGGR,6.2995079314
DDEEIRCTNPFATEQYGSVDTNLIHGEP,6.29831017705
DEQEIRTTNPVATEQYGLVDYEEEPGYE,6.29698786799
YEVEITCTNPCCTELYGWADDEECTGNF,6.29631612691
DEEEIRQTNPVATEQYGDAPECPFHEEL,6.29631612691
YEHEVATTNPMSTEGCGAVFCDLEAGNV,6.29525375938
DEEECRTSNSLATWGYGSVGTNLQMRNR,6.294599327509999
REGEIKQTNPVAYEGFGFVSGNLQRQQA,6.29373055857
DEYEINTTNPVATIQYGSVSTYDQRINR,6.29316836006
DEGEIWQTNPDATEQYGVVATNIQPGND,6.29285476479
SEFEIMQTNPASTEQYGSVSVAVQVGDA,6.292336276
CSLCLHMILFYMHCCQFILQGTVLISAH,6.29192519321
DENEIRQVNPVMTENYGQASTNQERGTD,6.29056158721
GENEISAVNPVATEQYGWVSDNLQEGEA,6.288533714190001
DTEEIRTTNPHATCQYGSWHDGEMEGNA,6.2883673738
DHELIRTTNPQATNQYGSVWTNLDRGNR,6.2883673738
SEEEIRTTNPVATELYGIVDTNDMLGDY,6.2883673738
DEYEINTTNPVATIQYGSVSTYDLRINI,6.2883673738
DHEQIRTTNPDACQLYWSVWHGDDPGLP,6.2883673738
DTEEIRTTNPYATCQYGSWHEGEMEGDP,6.2883673738
DEEEIRATNPVAWEQYGSVEANLCQGNR,6.287111217830001
DEEEICTTNPFATEQYGICPNEQQYGLL,6.286963080884411
DEECIRTTNPVMTLQYGSVLTNLIRGNR,6.28675812094
DEMEITTTNPVATEQYGSVDTDWCAGNC,6.28579343014
YEEEIRTTNCVNTEQYGSVSNNQERGNG,6.2854026337436295
DDEEIRMCNPVAVEQYGNVSYNLQRGNR,6.2853396811
DEVEIAATNPTATEMFGGVSENEQQGTF,6.28484258573
DESEVRQTNPTACECYGVCSENLQRGQR,6.284409360230001
QEEEICQTNPEATETYGDVSVNPQTGNE,6.28398893329
QENEIGCTNPLSTEIFGDVSDNEQNGDH,6.28322407052
DEEEVRAVNPVSTEGYGCVATNLQRLPQ,6.28249080746
DLEEIRTTNPTATAQYGSVETGPYQGLG,6.28194110464
DEDEIATTNPCCTEVYGCVDDEDQTGNC,6.281338212790001
DLEEIRTTNPFATAQYGSVETGPYNGNF,6.280810022619999
DEEECVTTNPFATEQYGYFFTGLQRGNR,6.2798053603
KEVAIRTTNPVATEQYQSLSTDLQRTNR,6.27959716417
DEEEIRTTNPDATEQYGSVETDDDEGNR,6.27943424903
DEVEIVATNPTATEMFGSVSTNLQHGPF,6.27809903835
DNRWILGCNCITHMFWWHWHSCEYYLGW,6.27809903835
DEKEIRTTNPFATEQYGSVSTNGAREVR,6.27809903835
VTIPIACCNCFLWCTWGTNENPECEHIH,6.27809903835
DEEEISTTNPCANVLWGDYWETDMSEEA,6.27744608742
VPEEIWTTNPVATEQYGSVSTYLDVGNR,6.27696261053
DPEEIRTTNPFATECYGSVEHPGDPGEP,6.27684669882
AEDEVSTTNPVATEMWGFISENLQHFNR,6.27670445627
AEMEIRQVNPVSTEQYGDVATPLQHGTG,6.27585476249
QEQEIRTTNPEATQQYWDVDTEDFDEES,6.27554333344
SLEEIRTTNPTATEQFGSVETGPYQGLF,6.27456157427
DTECIRTTNPYAGCKWGDWHEGEMEGDA,6.27438314436
DDEETRTTNPVATQQYGTMSTDLQVPNR,6.27438314436
QEGEIAPVNPCSSEHWGIAACLVQSGTT,6.27372059783
DEFEINATNPVCTEMYGDVSDFIQHMNV,6.27213927594
DEEEIRTTNPYATCQYGSWHEGEMEGNA,6.27084727476
DEQEIRPTNPVATEIYGSWDTEPGDDDN,6.26826616774
DEHEIRTCNPVGTEQYGSVSTRLQRNQE,6.26768712096
DWVWIRTTNPVATEMVGSGSTWLQRGCR,6.26683421225
SLECIRTTNPTAWAQFGSVETGPYQGLG,6.26650740786
REAEIVQVNPVATEWWGGTSTTLQQGTL,6.26587273601
QETEIRAVNPVSTEMYGVVSTNLQRGGR,6.26545298185
DEEEIRTTNPHATCQYGSWHDGEMEGNA,6.26488594046
DCEEIRTTNPVATEQTPQVSTGLQPGNR,6.26193950418
DAECIRTTNPFATQQYWSWEHGDDPGED,6.26121762563
DEEEIRTTNPGATEQYGSVHTGGCQGEN,6.26021633349
DEEMIRTTNPVATLKYGSVSTPDIRGNR,6.25996456199
QEEEVRAVNPCASEQFGCTSANLEIGNR,6.25862003041
DEEEIRTWNPVLTEQYGSVDKNHCTGNP,6.257779053969999
FGHYVRTCNTFAMDIYYAVCALPEFDFG,6.25700320289
DEEEIRTTNPCATEQYGSVGTNDQVEDC,6.25651850776
VENEIRTTNPFATEQYGIVSTNDDRGNR,6.25633851961
DNEHIRTTNPIEFEIYGWVETPAQPGNR,6.25442004188
DEEEIRTTNPEATEQYGSVEEGECQGNA,6.254171057388028
DHEEIRTTNPDATEQYGSVWTNDDPGNP,6.25402996616
KEVEIASTNPCGTETYGIIPMEEEHFLG,6.25402996616
DEVEITCTNPVCTEVYGAADMEWQTGNG,6.253926728469999
DESELKAVNPCATESFGSVPTNVQRLNS,6.253601955640001
REESIRTTNPGATTQYGSVSTNLQEGNP,6.25337195244
DEEEINTTNPVATEQYKSVSTNLVDENM,6.25202552674
HIDNCCAFNFILVASQLTWWMCICGMEM,6.25202552674
DENEIRTTNPLATQQYWSWETDDDNDEG,6.2511975812100005
DEEEIRTTNPFATEQYGSVDTNPDMGEL,6.25063698472
AENEIAQTNPFSTEQYGVVSEDQEVGED,6.25063698472
QEQEIACTNPVSTEIYGEASEVLQRGMR,6.24949448215
QEEEIAQTNPVSTEVYGEASEVLQRGGR,6.24949448215
DEHEVRTTYPVWTENYGSVASNLQRDNY,6.24605656894
GELELRTVNPTCWEQYGDVAEEPMFYLR,6.24605656894
DDMEVACTNPVASEQFGSVAMNLMRLNQ,6.24588638964
DEEEIRTTNPPATEQYGSHNQNDSEGEM,6.24567756065
DEVEITCTNPCCTEVYGAVDDAEEVGNT,6.24507581089
DEDEVVATNPVCTEPFGNIGTNLQVGNR,6.244865735159999
DEQEITTTNPVCTEQYGDVDEDDQHGNA,6.24397325444
CEEMIKTVTHFWWQSCKRWCTGEDVVPC,6.2434380309
DEEEIRTTNPEATEQYGSVETPEQDGES,6.24327948427
NEEEVRTTNPVCTEIYGSVSMNLERGNR,6.243090743430001
MEFEIAACNPVATEMYGTMSDAEEIGTK,6.24272470824
DEEHIRPTNPVAYQQYGSNNTWKHDGIP,6.24253272008
SEIEISQTNPDATEQYGSASTGENRGNN,6.24198140677
QETEIVQTNPVSTDCFGVAIESGCCPEI,6.24111800219
DTEMIRTTNPYAMMQWGSWHTPDIPGTP,6.24023085275
DDEETRTTNPTASEVYGCVSMDLQRGND,6.2395191137
HDAETACVNPIACQLFGTMSMDLQVPTF,6.2395033712300005
DLEEIRTTNPFATAQYGSVETGPYQGLF,6.23873660607
DEEEIRCTNPFATEVENFSIDPPEQYPS,6.237741300730001
DPEEICTTNPVATQQWGSVDTELQRGNR,6.23627886265
DEQEIRATNPIASEIYGAISMNLQRGNR,6.23548179355
DDDEVRSTNPIASELYGCVGMNLERGNR,6.23453334684
DTEEIRTTNPHATCQWGSWHDGEMEGDA,6.23442856669
SAEMIRPTNYFCMALCWDWHEGPCDMED,6.233601570369999
DEEEIRGTNPVATMQYGSVCTVLQAGNC,6.23190042214
DPEEIRTTNPFATQCYGSVEHPDLPGEP,6.231146983810439
DEFEIGGTNPVCTEQYGSVSDTLQRGNA,6.230919994858758
DVFVINTTIPVLTEQYQSVYTHPQFFQF,6.23065187594
DEEELRTTNPIACEQWGLASSADFLMLM,6.22929829176
DEVTIAGTNPEATECYGDVSANEQHGNF,6.22611271633
DEEEIRTTNPDATEQYGSVDTDDLYGNA,6.225797958839999
DEEEIRTTNPDATSQYYYVSADLQRGNR,6.22535757627
DEIEIYTTNPVSTENYGSCSCLLQHGNR,6.22535757627
AENEIRQTNPVATEQYGSASTCPQRGNR,6.22423703638
DEEEIRTTNPFATEQYGYVDTPDDQGMA,6.22404498774
QESEIYTVNPVSTEIYGNASCVLQHGGR,6.220853373300001
SEEEIRTTNPCAHMFFGCVSQGLDIGTE,6.22054055998
DLEEIRTTNPTATEQYGSVETGPYQGNF,6.22028913177
QENEIRTTNPVAGFWYGIVTEEEQSGNF,6.22008263423
DEQEIRTTNPVATEQYGSVETDDEIGEA,6.21993766812
QEVEIATTNPVSTELYGDVSECLQTFEY,6.21920534929
DEEEIRTTNPVATEQYGDVEEDDEHEEA,6.21857904364
DDEEIRCTNCDASEQYGVVATCPIRPNS,6.21852338519
DDQEIRTTNPVAMEQYGSSGTLDQFPTA,6.2184048156300005
DEEEIRYTNPVAIQQYGSLSTNLFRGNR,6.21797804591
KEVAIRTTNPVATEQYQSLSTDLQRGNR,6.21797804591
DLEEIRTTNPTATEQYGSVETGPYQGNG,6.21657669073
DEQEIRTTNPVATEQYGSVETEDEPGDI,6.21618286997
DEEEIRTTNPEATEQYGSVDTDDESGED,6.215721724030001
MDEEIETTNPVATEQYGSVCDCLHYGIT,6.21508493991
QEQEIRTVNPVATEQYGIVCVNLQYGNR,6.21394439777
DMQETRTTNGVCHDVFGWSSSNLQEPNC,6.21307924649
VEYEIITTNDQETQQNGSVSTGLDRGNR,6.21277787655
DEDEIVCVNPVCSESYGSVSTILQLGNR,6.2108580065800005
DEQEVRAVNPCASEVYGVVAMNLQRGNR,6.21048026355
DEQEVRCTNPVACEMYGSVSSNLQRGNR,6.20765557454
DECEIRTVNPCATETYGCASSEDCRLNH,6.20756826283
DEQEIVTTNPEATEHYGSVETPETIGEI,6.20756826283
GENEISAVNPVASEIYGWVSDNLDEGEA,6.206071554
AEMEIYTTNPVSTELYGVCSELLQRGGR,6.20590521361
DAEEIRTTNPFATEQYGSWETGDDDGNP,6.20541458444
DEECIRTTNPDATQQYWSWEHPDDPGEP,6.20451332248
DEEAITTSNPVATHQYLSVNTNLYRGNR,6.20359163067
DEEEIRTTNPVATEQYWFVWYNDCEGQQ,6.20263749977
DENEIMATNPTCTEQYGDVSEEVQSGDF,6.20143173703
DENEIMATNPTCTEIFGDVSEEVQSEDF,6.20090453255
HDEEIRTTNPIATEAGYHVSCTPQGGNH,6.19955810684
SEFEIMQTNPVSTEQGGSVSVAVAVGDA,6.19917364447
DDMEVACTNPVASEQYGSVSMNLQRLNQ,6.19881578882
DEEEIWSTNPVATEMYGGVSTTLQRGQM,6.19861272104
CSLCIRMTLFVMTCCQFILQGTVLISAH,6.1985749744100005
DDMEICTVNPVCTEIYGQVSTPDQMGDQ,6.19856401733
DNEHIATTNPIEFEIGGWVEMPAHPYTA,6.19848187028
DDMEVACTNPVASEQFGSVSMNLQRLNQ,6.19686901931
KDEQIRTTNPVATEESGSQSTNLQTGVR,6.19473230169
QEGEVAAVNPCASEQFGCTSANWEIGNP,6.1937029318
DEEECRTTNPPATIQYGSGVTLYCDGNR,6.19287384599
QEEEIVQTNPVSTECFGVVITSGCCPEI,6.1924429538000005
DDWEIRTTNPVATGQYGSVSCLLQRGPR,6.1919045343
DEDEVRAVNPVCYEPFGNVGTNLQVGNR,6.19138792806
DLEEIRTTNPFATEQYGSVETGPYQGNF,6.19095487214
DDEEIRTTNPVATEMYGFVGTNLMRLTQ,6.190185566390157
DEEEVFTANPVATHPYGSVSTNLQRGWR,6.18899804064
DEEEIRATNPDCTEQYQSVSIWRNRGDL,6.188831700250001
DEAEIRTTNPEATARKGSVSTNVSRGTP,6.188831700250001
MDLEIRAVNCVCSEGWGIADMAGEVLDL,6.188831700250001
DEVEIYTTNPVVTEQFGVVNENSQGGGM,6.188831700250001
NEHETRTTNPVCTEQYGSVSTDLCHGNR,6.188831700250001
DEEEVAAVNPCASEQFGCTSTNWERGNR,6.18638852432
IWVWIRTTNPVATEMVGSGSTWLYRGCR,6.1856292682100005
DEFEINATNPVCTEMYGDVSDFIQRMNV,6.183072430959999
IEEQIRTTNPFGTEQYGSVKTNYQRGNR,6.1803701215
DSEGIRHTVPVATMQYNRVPTNLQYINR,6.180268836090001
TEEYIRTTNPDCYIIWQSNYGDEYSELP,6.17856336479
HEEEVRTVNPISSENYGAVGNGDQGGMF,6.17856336479
QEQEIAAVNPVSTEMWGEASTVLQHGMR,6.17856336479
CEEEIRTTNYVAVEVYGEFSTNYQTEQM,6.1775024018
DECEITCTNPVATEHYGGVGEALEWLDL,6.17724372597
GDSEIHTTNPCAYWFYGVVASNFERLLE,6.17634075607
DLEEIRTTNPTATAQFGSVETGPYQGLG,6.17606440417
DCEEIRTTNGSASEQYGSVSTNFQIGNN,6.174476407269999
DEEPIRTTNPVADEHYGSVLWNLLRGNR,6.174476407269999
QEQEIRTVNPVATEQYGIACVNLQYGNR,6.174476407269999
QEVEIVATNPTATEMFGVVSVDLQHGPF,6.17398393584
MEGEIRCTNPEATEQYGQVDTGWYWGND,6.17252988792
HDEEIRGTNPIATEAGYHVSCTPQGLNH,6.17162241022
GENEISAVNPVASEQYGWVSDNLDEGEA,6.17152409715
DEQEITATNPAATEIFGEVSDNPQRGPA,6.17090979225
DEEEIRTTNPDATEQYGSVETNDQEEER,6.1697228773
CDDELAPTNPCCTEMYGFCADVLCAEEV,6.1696381350100005
SEDEICTTNPTSTELFGDASVNLQFGDF,6.16954036164
DEEEIRTTNFVATEQYGSVHPNDDRGER,6.16946637538
DEQEIRTTNPEATEQYGSVETDLEMEEG,6.169305248840001
QEGEIVATNPACTEVFGDVSTNIYHGPF,6.1683675976900005
HIDNCCAFCFILVASQLTWWMCICGMEM,6.167770084719999
SEGEIRATNPTCTEMFGCVSVMPYNGNF,6.167770084719999
DEQEIRPTNPVATEIYGSWDTEPGDGDN,6.166805393919999
YETEIRTTNPVNTEQYGSVSNNDERGNG,6.165385355888631
SMDLIMACNPTASDCFAFLHANYIQGPF,6.16498495829
DEEEIRTTNPDATEQYWSVETPDEWGEM,6.16359440875
DEEEIRPTNPVATEIYGSVDTEPGDGDN,6.16266736064
DEESIRTTNPVATIQYQSVSTDLYRGNP,6.1624975524300005
DEQEITATNPAATEIFGEVSDNPQRGNA,6.16161023151
SEDEICTTNPTSTELFGDASVMQQFGDF,6.16142554291
DEEEIRTTNPEATDHYGSWDDDLQLEFL,6.16117535735
KECEIRTTNPVATEQYGEVSTMCQLGKN,6.160900434469999
DEECIRTTNPDATQQPWSWEDPDDPEEP,6.16072668905
SEEEIRQTNPVATEQGGSVSVALARGDR,6.16026254805
DEQEIRTTNPDATEQYGSVETEDEPGDI,6.16026254805
HIDNCRATNPILVASQLTWWMCICGMEM,6.15712284052
FEEEIRPTNPVSSEQYGGVGNNLQQGPD,6.15674384164
AENEIRCVNPVATEMYGEAAEVLQRGGR,6.155664836310001
DEEEIAQVNPVATEIYGEAGEVIQHGNL,6.15555554537
REEEMRTVNPCGTAGYGSHSIALERNND,6.15506096359
DEEELRTTNPIACEQWGLVSSADFLMLM,6.15199493207
GPVEICTTNCCASEVYGSVAANPQPGTY,6.15185505245
GENEISAVNPVATEQYGWVSDNLDEGEA,6.15172542599
DEEIIRATNPVATLQYGSVWTSGDEGNL,6.150754102980001
VPECIWTTNPVATEQYGSVSTYLDVGNR,6.1505353542000005
GDMEVACTNPVASEQFGSVAMNLQRLNQ,6.14980654327
VDQEVRATNPVASEIYGAVSMNLERGTR,6.14912199045
DEEEIRTTNPDATEQYWSVETNLDDGEP,6.14899143572
DPEEIRTTNPFATQCYGSWWEGDWDGEN,6.14866126177
DECEITCTNPVATEQYGGVGEALEWLDL,6.14785013824
VEIPIRCTNCFAWCTYGTNSNPECEGIH,6.1475434917600005
VEEETHCTNPIAVFQWGCVASDLERPTP,6.14746126583
KENEIRTVNPVATEEYGDMAELVQNEEL,6.14735506427
DDEEIETTNPVATEQYGSVCDCLHYGIT,6.14662514013
HELEIACTNPVATECYGDASEEIQTGMM,6.146565973269999
DEDEIATTNPVCTEQYGCVSDEDQTGNC,6.14634836893
MEVEISSTNPEATEQYGAVAECGIQGEF,6.14634836893
ADSELASTNPVSTELYGIVATNLMRQAS,6.145216924590001
DAEEQRTVNVVATEQYGSVSTQLQRGFR,6.14491458372
VEQEIRTTNPVAIDNYGSVSTNLQRPNR,6.14443758089
FGHYVACCNTFCMDICYAACALPEFDFG,6.14397746446
DEEEIRTTNPDATEQYGSWEHPLQPGNR,6.14338872949
GECELWGTNPIACEQWGLASSADFLMLM,6.14278433273
DEEEIRATNPCSTEVYGVVGTADEYGEC,6.14152598547
DEQEIRATNPIASEIYGAISMNLERGNR,6.14152598547
DEEEVRCTNPVASEIYGCVSMNLERGNR,6.14152598547
DELELRTVNPTAWEQYGDVAEEPMFYLR,6.14152598547
HIDNCCATNPILVASQLTWWMCICGMEM,6.140536143209999
VPECIWTTNPVAMYCYGSNETYLDVGEW,6.140536143209999
DDDEVRSTNPIASELYGCVGMNLQRGNR,6.140196925
QEQEIAQTNPVSTEVYGEASEVLQRGGR,6.14002769638
DDEEVRTTNPIASELYGSVSSNLQRGNR,6.13973715072
DLEEIRTTNPGATQQYWIVWEGECILLP,6.1379505312500005
EEDEISGTNPVATENYGIVTDNIQHEER,6.13780769722
SEVEISCCNPECTEIYGVVSENDQMGDF,6.13730139961
DEMEITTVNPVATEQYGCVDMDWCAGNC,6.13663548912
HELELWTTNPVATEGYGSAAENLQRANR,6.1364762951900005
GDEEVACTNPVASEQYGSVAMNLQRGNQ,6.13621707408
DDEEIACVNPIACELYGTVSMNLQRPNR,6.13612464992
PEESIRATNPTATHFYQSKFVNLDDPNH,6.13572036379
KEVEIASTNPVGTETYGIIPMEEEHFLG,6.13572036379
DEQEIRTTNPVATEQYGDVDEEECHGNQ,6.1351211135
DEQEIRCTNPVATEPYGDADEEECHGNQ,6.13469826311
DELELRTVNPTAWEQYGDVAEEPMFYNR,6.13438391623
ADMEIRQVNPYSSEQYGDVATPLQHGTG,6.13379033669
REGEIKQTNPVATEGFGFVSTNLQRGNR,6.13365958081
DNEHIRPTNPVAYQQYGSNNTWKHDGIP,6.132248171880001
HEHEIVSTNPVASEVYGGVCTELNVGPS,6.13180075521
DEQEIRTVNPVCTEVFGWVSSNLQRGNR,6.13171472945
DDMEICTVNCYCTEIYGQVSTPDQMPDQ,6.13098762568
DEEEIRTTNPFAFQQPWSWEDPDDPEEP,6.13033605094
DEEEIRTTNPDATEQYWSVETPLEWGEM,6.12888915979
DENEIRQTNPVMTENYGQASTNLERGND,6.12829015831
DEQEIRTVNPISTEQYGSAVTNLQRGNR,6.1257694325
DECEVTCTNPVATEHYGGTGEALEWLDL,6.124115189059999
QEVEIAATNPVSTELYGDAGECEMTFEY,6.123736672030001
QEEEIRTTNPEATQQYGDVSTEDQDGNS,6.1236797023000005
DEEEIRCTNPVMTEMYGTVDEVEQRGPE,6.12302964185
DEEEVRAVNPVATELYGGVGTNLERGNR,6.12246103824
MENEIATVNPVATEVFGIVSETPDFFMS,6.12206268804
DEQEIRTTNPEATEQYGSVETDDEHEEF,6.12200728921
VDGEIWQTNPDATENYGVVAEGINPGED,6.12108709361
GEVEICTTNPCASEVYGSVSANLQPGTY,6.11984509006
DEIEVVTTNPVATEVYGCVSTILQHLNR,6.1190561294200005
DEEEIRTTNFDATAQYGDVFEDDCHGLC,6.1184423723600005
DEGEITTTNPVSVEMFGTVSAAPQLGPV,6.1184423723600005
DHEEIRTTNPDATQQYGSVWHGDDPGNP,6.117652935930001
DEEMIRTTNPVAQETQGSNSTNLQRGCF,6.117129783819999
SEEEIYAVNPESTEHYGCVSNGPQHETV,6.11658681578
GENEIRTVNPVATEQYGSMATNLQWGNR,6.11545851392
KECELLTTNPVATEQYGEVSCMCQLTKN,6.11517465852
NEGEICTTNPVATEWYGDASTLLQRGNS,6.113877192019999
KPVEIRTTNPVATELYGSVATNLERGNR,6.11386964257
QESEIRSVNPVSTEIYGSASTVLQHGGR,6.113543572939999
DEEEIRTTNPHATEQYGSWHEPEMTGNP,6.113167430319999
DPEEIRTTNPFATQCYGSVEHPDDPGEP,6.11053717427
DPECIRTTNWFATQCYWFWWEGDWDWEN,6.11038260256
DTEVIRTYNPDKEQREWEWEDPDEWEEM,6.10988035885
DNEEIRTTNPVAMEQYGSVSTCLGIGNF,6.10988035885
DEIEIVATNPVATEQYGWVSTLLQHGGT,6.10972515526
SEVEIVVTNPASSEHYGWVSDNSQNGTF,6.10950924759
DDMEVRQTNPVSSEQYGVVSTNLQRLTQ,6.108661351559999
REGEIKQTNCVAYEGFGFVSGNLQNQQA,6.10820089248
MDFEIETTNPVATEQYGSVCDCLHYGIT,6.10796146855
AEDEVSQTNPVCTEMWGFISENLQHFNR,6.10724793073
QENEIRTTNPVAGFWYQIVTEEEQSGPF,6.10641930374
QEQEIATVNPVSTEVYGEASEVLQHGGR,6.10616404258
CELEIIPVNYVSVEVFGEFGINYQTEQM,6.10476743546
SEFEIYSTNPTATESFGYVSVDWQHGDS,6.10330145996
NPEEIRPTNPGAIQLYWFVWYEECAFQQ,6.1026750565
DEQEITTTNPEATDHWGSVEEEEELEDF,6.1026750565
DEEELRCTNPVASELYGTVAMNLQRGNQ,6.1019513688
DEQEIYSTNPVSTEWWGNVGDCLMGFNL,6.09982669419
SEDEICTTNPTSTELFGDASVNQQFGDF,6.09967256834
CAWMIRPTNPFAYSNYWHWEHGDDDFLP,6.09854281492
DEQEVRATNPVASEIYGSVSMNLQRGNR,6.0983767493
DEFEINATNPVCTEMYGDASDFIQHMNV,6.0983767493
DEQEIRTTNPEATEQYGSVETDDEIEER,6.09727776236
CMLEIIPVNYCSVEVFGEFGITYMTEQM,6.09701099183
DEEEVRATNPIASEIYGSVSMNLQRGNR,6.095722295859999
DAECIRTTNPFATAQYWSWDTGDDPGLD,6.095722295859999
VEQEVRCTNPVATENYGSVSNNLQRGNR,6.095722295859999
QEEEIVQTNPVATEQYGEAPEVCQHEEK,6.095722295859999
DLEEIRTTNPFATAQYGSVETGPYNGLF,6.095722295859999
DEEEIRTTNPDATEQCFSWSTNLCRGNG,6.09439689839
DEEEITSVNPVASECYGIASYNLMRLTQ,6.09439689839
QECEIVTTNPVATYHYGFVSEVDYGGGN,6.0936744672100005
FELEIRTTGCHATECYGDVSTCIDSEKN,6.09335139139
DEEEIRTTNPDATEQYWSVETPLDPGEP,6.09290728025
QEQEIAAVNPVSTEMYGEASEVLQHGMR,6.09290728025
DDSEISQVNPVASEMYGIVSEDLDAGDD,6.09290728025
DEQEIRTTNPVATEQYGSWEDAEDWGNR,6.09250558317
DEEEISTTNPQDTEQYGSFSEFEQRGQN,6.09225844055
EEDEISGTNPVACENYGICTDLIQHEEH,6.09180724585
HESEVEQTNPTACECYGVCSENLQHGQR,6.0892960267
AEGEIVSTNPFATEQYGEVSTDPQGGDP,6.08887791481
QEDEICQTNPEATETYGDVSVNPQTGNE,6.08840160941
DEQEIAQVNPVSTEVYGSVSEVLQHGGR,6.08822775931
REAEIVQVNPVATEQWGGTSTTLQQGTL,6.08822775931
AEEEIRTVNPDSTENYGEASTNLQLGDA,6.08673351263
DEEEIRTTNPEATEQYGSWETDLWWGNR,6.085923364712924
SLECIRTTNPTATYIFGSVETGPYQGLF,6.0855777384500005
DEIEIGCTNPVATEQYGTADENLDVGNQ,6.084495040429999
MDFEIEAVNPVGGWLFQGGCDCCHYEIT,6.084495040429999
NDSEVRAVNPVATEIYGVVSTNLQRLNR,6.08273027564
VEIPIRCTNCFAWETYGTNSNPECEGIH,6.082522798099999
AEQELAGTNPCASETYGDASEILQRGGR,6.082198851759999
DEHEIRTTNPVATEQYGDADEDECHEDS,6.082110311601725
AEQEIVPTNPCASEQYGIVGMCPNFGEY,6.08179805333
DVEEIRTTNPVATEQYFSESTGLQRANR,6.07950670981
SEFEIMTTNPASTEQYGSVSVNLQVGDA,6.07780038786
AEEEIWSTNPVATEMYGGVSTTLQRGQM,6.07705845159
DEEEIRTTNPDATQQYGSVETDDELENS,6.0769388201800005
DAECIRPTNPFATQQYWSWEHGDDPGED,6.07625243166
DEEEIRTTNPDATEQYWSWEDPDEWGEM,6.0761315675
SEEEIHATNPCSHMFFGCISQGLDIGTE,6.07596437534
NEEEIRTTNPVATQQYGSWSHGGQRGNR,6.075822738419999
YSEEVRTTNPMATMQYGSVSCDLQAGNV,6.0756210898
DTECIRTTNPYATLQWGSWHTGEIEGNP,6.07466068033
EEEEISGTNPVATENYGIVTDNIQHEER,6.07466068033
REHEITCTNPVSTEHYGAVSDDEEVGNA,6.07312568336
LEEEIRTTNVVMSEQYGSVATNLQRGQR,6.0721867814
NEEEVRSTNPTATFFWGSVASDWQRPLR,6.071648160880001
YEIEIASVNPVCVETYGVSSDNFQSGNQ,6.07089044288
HEHEIRTTNPVADEQYGPVSTNCQRGKR,6.06892223651
GDSEIHMCNVCAYWFYGVVASNFENLLE,6.068689337159999
QEEEIRTTNPEATQQYWDVSTEDFDEES,6.06781629929
DTEMIRTTNPYATCQYGSWHEGEMEGDP,6.067411899830001
DEFEIGGTNPVCTEHYGSVSDTLQRGNA,6.067026862860001
DEDEIVCVNPVASEQYGSVSTILQLGNR,6.06511116426
DEEEIRPTNPVAYQQYWQVSTNLDRGNR,6.06496004209
DDEEIRCTNPFCSEQYGSVDTNLIHGEP,6.064493439970001
DEHEIRTTNPVATEQYGDASEDECHEDS,6.06407666924
NEGELECTNPCASESWGTVAMNLQRGMM,6.06312138964
DEVTIAGTNPEATECYGDVSANEQHGDF,6.0629472597700005
DEEEIRTTNPDATQQYWSWEDPDDDEEP,6.06261398404
SEEEICCCNPVCTEQYGSVSTGDQQGTH,6.062001678010001
DEEEVRCVNPVSTEWYGGVGMNLQRGNR,6.0618588439900005
YEEEQCTVNPVADEVYGTLCDINQQIQR,6.06145239377
NDMEIRTTNPVATENFGSNSVNLQRGNE,6.0607268745
DAEEIRTTNPFATEQYWSWHEGPCNGED,6.0595486833
SEQEVRCVNPIASEVYGCVGNNLERGNR,6.0595486833
SEVEISCTNPECTEIYGVVSENDQMGDF,6.05884223016
DEEEIRCTNPVATEVENFSSDPPEQYPS,6.05790083042
DEMEIRMVNPYCTAQYVSNSTNDQRGDQ,6.057740165009999
DEEEIRTTNPTATEQYGSVEEGECQGNF,6.05704182769
FEEEIRPTNPVSSEQYGGVGTNLQQGPD,6.05658390195
SLEEIRTTNPFATAQGGSVETGPYNGLF,6.05658390195
NEGEICGTNPVSTEWYGDASTLWQHGNS,6.05613449424
DDEELRCTNPVATEIYGCVAMNLQPLNR,6.05543257483
DEDEIVCVNPCCSESYGGTSTILQLEMR,6.0551908161300005
QEDEIVQTNPVATEQYGEAPEVCQHEEK,6.0539277166800005
GEVEIRQVNPVCTECYGLVAMTLQRGMR,6.0513281765
DAEMIRTTNPFAWQFYGSVEHGGDPGLP,6.0513281765
DEGEIRTVNPIGSEQYGNVSSNLQRLND,6.0513281765
AEQEIRTTNPVATEQYGIVSMCLQRGEY,6.0513281765
SEDEILTCNPAATELFGGVSDNLQGGPV,6.0513281765
DEDEVVAVNPVCYEPFGNIGTNYQVGNR,6.04937197953
MEVEISSTNPEATEQYGAVSENGIQGNF,6.048479814189999
QEEEIVTTNPVATECYGDVSEDLQHEEN,6.04758577481
DEEEIRTTNPFATEQYWSWHEGDCDGED,6.04710359064
DEESIASVNPVCTFTYGSVVDNFQSGSQ,6.046587374368308
DEFEIRTTNPVLTEQYQSVSTNPQFFQF,6.04444179091
DEEEIRTTNPEATEQYGSVETDDEHEEF,6.04421778734
DEEEIRTTNPYATEQYGSWHEGEMEGNA,6.04406017603
VPECIWTTNPVAMEQYGSVSTYLDVGNW,6.04385305594
DDEEIRCTNPVATEMYGFAGSNLMRLTQ,6.043633784709999
PNRWILGCNCITHMFWWHWHSCEYYLGW,6.041990311919999
DEEEVRAVNPVCTELYGSVGTNLQRGNR,6.0417633124600005
FEGEIRTVNCIGSEQYGNASSNLQDLAD,6.0416456231
DEEEITTTNPEATEHWGSVEEELELGDF,6.04095649243
DEEEIRTTNPAATELFGSVSTNGAHGNH,6.0405014717
SEDEILACNPACTELFGGVSDDWQGGPV,6.040439860359999
HDAETACVNPIACELFGTVSMDLQVPTF,6.04012996989
DEEEIHTTNPFAWEIYGSVSTNLQRGIP,6.03996831433
NEEELRAVNPVASEQYGGVGMNLQRGNQ,6.039801923120001
DEMEIRMTNPYCTAQYVSVSTNLQRGNR,6.03945407621
DEQEISTTNPDATQQYQSVETGAEGEEN,6.03827202367
DEQEIRTTNPEATEQYGSVETNDEVGEF,6.03758811987
DPEEIRTTNPFATEQYWSWDTGDDPGND,6.03610743956
DPEEIRTTNPFATQCYGSVETPDDPGEP,6.03567491219
FEGEIRTVNCIGSEQYGNVSSNLQDLAD,6.03567491219
SEVEIYSTNPFATEGYGTADDAPNHGEQ,6.03531077916
DEDEIKAVNPVATECYGGCGDTVQHGTT,6.0346107815500005
GEVEIYSTNPVATEHYGSVSTNLQRGTR,6.033946098269999
VDAEIATTNPVSTEMYGEAGDNLMQQTM,6.03202762054
DEEEIRTTNPDATIIYGSVSTNLYRENP,6.0306610134700005
DPEIIRTTNPFAYQCYGSWEHPDDPGEP,6.03049467308
ADSELASTNPVSTELYGIVATNLMRQNS,6.0299281049
DEHEMYTANGVACFQYGLVPTNLPRGNR,6.02901801477
DVEFIRTTNPVACEMYISVSTNLQRVYR,6.028697202
QEFEINATNPVCCEMYGDAPDFIQHMNV,6.02786920367
DDQEIRSTNPVATEVYGWTSTNLQRGTR,6.02767690843
DPESIRTTNPDATEQYGSVSTNDDNGNR,6.02767690843
NEGEICGTNPVSTEWYGDASELWQHGNS,6.02736827755
KPVAIRTTNPVANEQYQSLSTDLDRTNR,6.02694401787
DEFEIRTTNPVAMEAYISVQTNLHRGNR,6.02694401787
DEVEITCTNPVCTEVYGAVDDAEEVGNT,6.026726203269999
SLECIAATNPTAYYIFGSVEAGPYQGLF,6.02656027135
PQEQIRTTNPVATEQYGSVSTHELQGNT,6.025893129119999
EENEIRTVNPCCVEGYGDAGEEECHEDS,6.025499308360001
DEQEIRTTNPEATEQYGSVETDDEIGEA,6.025499308360001
DEEEITTTNPVSVEMYGSVSTNPQLGNV,6.0243611289
SEEEIWATNPTAHEQYGCVSTMLYRGNF,6.02381832736
GEEEICSVNPFACEWWGICPNEQQYGLL,6.0219343915
DTEMIRTTNPYATMQYGSVHTPDIPGNP,6.02165730982
QEWDIRTTNPQATRQYGHDSTFLQRVNS,6.02115895401
DEEAITTSNPVATHQYLSANTNLYRGNR,6.021145171000001
GEHEIRPTNPVGTEQYGVIGGDIQEPLW,6.02095452745
QEGEICTVNPCCTEGYGDAGTAWQDGNR,6.02079380835
DEEEIRTTNFVATEQYFSVSTTVLIGNH,6.01890669881
HEHEIVSTNPVASEVYGGVCTELQVGNS,6.01722032218
GEVELRQVNPVCTECYGLVAMTLQRGMR,6.01677095446
DEEGIFTTDGVATEQYGSTSTNLGRGNR,6.01630958732
DESEIRTVNPVATEQWGSVSTNDICGNR,6.01599510339
DDEEIRQVNPVATEMYGSVSENLDAGNR,6.0155838394900005
GVEVLHVTMPFIHFPYGSRGFPFGILTW,6.01534887939
QENEIRVTNPVAGEQYQIVTENEQSGPF,6.01518361276
QDQEIATVNPVSTEIYGEASEVLQHGML,6.01367005044
YEEEITTTNPVGTEMYGEAPTVLQHPQH,6.01352666669
SEEPQGTTNPYANLYWYHNENLGINGIP,6.01285402868
DEEEARTTNPVATQQYGSKSTIWQRGQR,6.012825478319999
CELEIIPVNYVAVEVFGEFGINYQTEQM,6.01195393816
SEVEIAATNPTATEMFGGVSENEQQGNF,6.0116580310700005
KENEIAAVNPVATECYGSMSTELQRGNY,6.01091390805
DEEEIHGTNPVASFQYGVVSTNLQRPNR,6.0101894817
DTEEIRTTNPHATCQYGSWHDGEMEGDA,6.00977568705
SEDEIHATNCCSHMFFGCISQGLDIGTE,6.0095080008
DEDDIRTTNPVATEQYGFVSHWLCRGNR,6.00825945461
GEVEVCCTNPCATEVYGDVATDPNPGTY,6.00825945461
DEEEIRATNPDCTEQYQSVSIWLNRGDL,6.00714324949
KEVEQYCTNPTVVYIFQVANEISCGEGM,6.006415754619999
DNEHIRTTNPIEFEIYGWVSTPAQPGNR,6.005765599119999
DDEEIETTNPVATEQYGSVCDCLQYGIT,6.00552448689
DENEIRQTNPVMTENYGSASTNLERGNR,6.00486886541
DDEEIYATNPYASEIYGFVGNDLGPGTL,6.00472776364
DESEIRTTNPPATEPYGYHNQNDSEGEM,6.00355245193
QECEIRTTNPVATYHYGFVSEVLYGGNN,6.00296515494
SLEEIRTTNPFATEQGGDVEEGECQGDF,6.00143173225
HESEIRSVNPTATEQYGSVSNNLQRGNR,6.00120469707
REGEIRTVNPVSSEQYGSVSTNLQRLNR,5.99979787586
VEEEIRTTNPCASEQFGAVGYNLMRGPI,5.99950409982
DEECIRTTNPDATQQEWSWEDPDDDEEP,5.99925945636
DEDEIVTVNPAGTETYGDVSADEQSGNF,5.99855363685
NEHETRTTNPVCHEQYGAVSEDDCHGNS,5.99618662231
DPEEIRTTNPFATEQYGSVWEGDWDGEN,5.995776823969999
DEEEIRTTNPEATEQYGSVDELQDFGNM,5.99418426939
KEEEIRTTNPDATQQYGDVFEPECNEEN,5.99418426939
MELEIRAVNPVCTEGWGIADTAGEVLDL,5.992911490269999
GELELVCVNPTCTELWGDAAEELMFYLR,5.992030992809999
QENEITATNPEGTECFGCVAEDPAVGPH,5.992030992809999
GEHGTLPTTSMGLGQQGVIGGDITEPLW,5.99083723217
HIDNIRTTNPILVASQLSVWMCICGGEM,5.989522892019999
YEQEITCTNPCCTEVYGAADSEECHGNG,5.98889412974
DEHEVRTTYPVWTEQYGSVATNLQRDNY,5.98865731825
DNEHIRPTNPHAYQCWGSNNTWKHDGIP,5.98865731825
CEFEICTVNPCCTEQYGSAPTVIQGPTI,5.98826138136
SEGEIWATNPTCHEMFGCVSVMPYNPNF,5.98719783908
GVEVLHVVMTFIHFPFWGRGFPFGILTW,5.98719783908
DSERIRTTNPIATWQYGSVYTGDQRGNR,5.98719783908
YSEEVATTNPMATMGYGSVSCDLQAGYV,5.98517584149
DAECIRTTNPFATAQYWSWDHGDDPGLD,5.98503649779
DEFEIAACNPVGHEMFGTMSDAEEIETR,5.98302216311
DEEEIRTTMLVAYCQYGSVSTNQQRMNR,5.982380822780001
DEEEIRTTNPDATEQYWSWEDPDEWEEM,5.982380822780001
GEFEIGGTNPVCTEHYGLMSDTIQHGMA,5.98189185649
NDMEIRTTNPVATENYGSNSVNLQRGNE,5.981506727
GEEEIRTTNPVATEQMGWVATDDQPGNR,5.98093884861
QETEINAVNPVSTEMYGVVGTNLQRGGR,5.98072350492
DEQEIRTTNPEATEQYGSVETDLEMGEG,5.98024507844
QEHEISQTNPVSTELYGWTSTNDQNGEG,5.97937833462
DDGEIWQTNPDATENYGVVAENINPGED,5.977430062830001
KDEEVRCTNPCATELYGSTFMNWCNGND,5.97732759505
DTEMIRTTNPYAMMQWGSWHTPDIPGNP,5.97617081693
GEFEIGGTNPVCTEHYGLMSDTLQRGMA,5.97575829422
DENEIRQTNPVMTENYGQASTNQERGND,5.9747068949
DEVEIRTTNPVATEQYGVVDEDLCAGNN,5.974437588612472
QEVEIAQTNCEASEQYGVVGTDWLPGMD,5.974366194680001
SENEISTTNPVATECYGDYSEAEMVGNW,5.97345256059
SEGEIRATNPTCHEMFGCVSVMPYNGNF,5.97259150589
DTEMIRTTNPVATEQWGSWHTGLQRGNR,5.972513793319999
SEDEILTCNPAATELFGGVSDNLQGGNV,5.97200175986
CEFEICTVNPCCTEQYGSAPSVIQGPTI,5.97160098403
KTNVIRPFNGNAMQSCGCWFYGDEEHDM,5.97160098403
MEVEISSTNPEATEQYGAVAECGIQGNF,5.97078474919
RESEIATTNPTATELYGSVDEDLQQGND,5.970191413769999
SLECIRATNPFATALGGSVETGPYQGLF,5.969740642
AEQELAGTNSCATETFGDATEILQAPGR,5.96938656296
QEEEIAATNPVSTETGGVVSTALQQETY,5.96886601631
CELEIITVNYVAVEVFGEFGINYQTEQM,5.96886601631
DEVEIATTNPTATEQYGDVSELECQEDF,5.9680255298
DKEEIRETNPVATEQYGSHSKNLDRVNR,5.9680255298
DEIEVVTTNPVASEVYGCVSTILQHLNR,5.96744499177
DEEEIRTTNPDATEQYGSWETNLDPGNP,5.966439278909999
DEQEIRTTNPEATEQYGSVETNDEVEEF,5.966439278909999
NEGEICGTNPVATEWYGDASTLWQRGNS,5.966439278909999
GEVELRQTNPVCTECWGLTSMTLQRGMR,5.9653256586
AENEIAQTNPFATEQYGVVDTDQEVGED,5.96522743924
DEEQIRTTNPVAYMQYWSVSTNGQRGIR,5.96456686458
DDQEVVTTNPESSEHEGSVEYPETIGEI,5.96427144223
SEFEIMQCNPASTEQGGSVSVAVQVGDA,5.96427144223
DEDEICTTNPVSTELFGDASVNLQFGDF,5.96415110232
GEIEIVATNPVSTEQYGWVGNLLQHGGT,5.96408577914
DEEEIRCTNPVATEQYNSSSDPPEQGPS,5.9634980036
AEDEVSTTNPVCTEMWGFISENLQHFNR,5.962558832674532
GEIEIVATNPVSTECYGWVGNLLQHGGT,5.96232317044
DEEEIRTTNPFATEQYWSWHTGPCNGED,5.96159801584
MELEIRAVNPVCTEGWGIADMAGEVLDL,5.96056271258
KEEEIRCTNPVSTEQYGVVSNNLCTGNQ,5.96056271258
DEEFITGGNPVACNHYGCVSPNLQRCNR,5.96056271258
GEEEIRSTNPVATYQFGSIATNLQRGNR,5.96056271258
DEEEIRAVNPVATEIYGVMSTDLDYGEA,5.96023079148
GEIEIVATNPCSTECYGWTGNLLQHGGT,5.96018028844
SEVEIATTNPTATEQFGEVSELECQEDF,5.96001300975
FEHELCAVNPVCTEPWGCVSELVQGGNT,5.95985913049
DENEIMATNPTCTEIYGDVSEEVQSGDF,5.95934985413
DDMEVACTNPVASEQFGSVAMNLQRLNQ,5.95924377751
DEVEIVTTNPAASEQYGWVSTNSQNGNF,5.95900389657
MEGEIACTNPEATEQYGQVDMGWYWGND,5.957506154140001
DPECIRTTNPDAWAQCGSVDTGDCPGLD,5.95672915397
REGEIKQTNPVATEGFGFVSTNLQRQNA,5.956170943459999
DSEEIRTTNPMATESYGSVSTCLCRGNR,5.95524107231
DPEEIRTTNPFATQCYGSWHEPDFDEEP,5.95500575693
AEEEIAQTNPFATEQYGVVSEDLEVGED,5.95403097514
KMILIKQTNPVATMMFKGFNTNVQYGTR,5.95381167058
REGEIQCVNPCGTAGYGAVCIALERGMD,5.95381167058
STECIRTTNPHATCKWGDWHDGEMEEDA,5.95381167058
DDQEIRTTNPVCTEQYGSVGNNDMFGTA,5.9535422849
DDMEVRTTNPVSSEQYGVVSTNLQRLNR,5.95320345176
DDQEIRTTNPDATEQYGSVSTADFQDDV,5.95233908187
TEEHIRTTNPDATCQYGSVETNLQRGNW,5.951842266630001
YEHEIRWTNPVATEQYWSHSTNLQRINR,5.95133238652
QEQEIVAVNPVSTEMYGEAAEVLQHGGR,5.94878061242
YSEEVATTNPMAIMGCGSVSCDLEAGYV,5.94825630942
DEEEITTTNPVCTEQYGDADTDLCHGNA,5.94782360074
HDEEIRGTNPIATEAGYHVSCTPQGGNH,5.94782360074
DGHYVRTCNTFAMDIYYAVCTLPQFGFG,5.947496796359999
DEHEITAVNPCSTESYGSADENEQDGNI,5.94685890994
DDEEHMDTNPVATEQYGSASTALQRKNT,5.94667602409
SENEIRTTNPVATEVYGSYSENEERGNS,5.94654796696
DEEEIAQVNPVSTEQYGEASEVLQHGGR,5.94597517635
CEEMIKTVTHFWWQQCKRVCTGEDVVPC,5.94441297258
DEYEINTTNPVATIQYGSCSTYDLRINI,5.944209331530001
QEAEIRTVNPVATMIYGSVGTNLQRGNR,5.94143504357
GDEEIHMCNVCATWFYGVVASNLENLLR,5.94139414947
DDEELYAVNPYSSEIYGFVGNDLGPGTL,5.940533837669999
DDEETRTTNPVACQQYGTMSMDLQVPNR,5.94018121258
NEEEISCVNPCSTEQYGSVSDEDQRGNT,5.93921781018
VTIPIACTNCFLWCTWGTNSNPECEGIH,5.93850834616
AENEIAQTNPFATEQYGVVDTDQEVGER,5.9382882386
DEDEVVAVNPVCYEPFGNIGTNLQVLNR,5.93740391406
VPECIWTTNPVAMEQYGSVSTYLDVGNR,5.935850959080001
DPEEIRTTNPFATECYGSWWEGDWDGEN,5.93532006853
DPEEIRTTNPFATECYGSWHEPDFDGEP,5.935075108
DEEEITTTNPVATEQYGIASYNLMRLTQ,5.934410424719999
AEQELAGTNPVASETYGDASEILQRGGR,5.93428875531
DEEEICCCNPVCTEQYGSVSTGLQQGTH,5.93394537047
DEQEVRTTNPVASEIYGCVSMNLQRGNR,5.93383461348
NLNCCVGVNCFCTEQYGYFFTGLCVLLQ,5.93357464501
DEEYIRTTNPSATEQYGSVSEDDDTEEM,5.9333309671
AEQEIRTTNPVATEQYGIVGMCLQRGEY,5.9328867192
DEEEIRTTNPVATEQYGSDETNLLLGDF,5.93268368
DEHEIAGVNPVSTEQYGCVSCNLQRGNA,5.93249194699
DQEEIRTTNPVATELYISVSTNDQLEVS,5.93238990397
GDMEVACTNPVASEQFGSAAMNLQRLNQ,5.93213882129
DEQEIRSTNPVSTEWYGNVSDCLMGFNL,5.93081536918
FEHELCAVNPVCTEPWGCVSELVQGGNT,5.93004133114089
KECEILTTNPVATEQYGEVSCMCQLGKN,5.9300189995
SLECIAATNPFATALGGSVETGPYQGLF,5.929390559140001
DDEEIRTTNPTASEVYGCVSMDLQRGND,5.92829714933
SEVTIAGTNPEATECYGDVSANEQHGDF,5.92719593247
DEAEHRTTNPVACEQLLSVSTNLQRGNP,5.92579729441
DDEEIRTTNPFCSELYGYVDTPDDQGMA,5.92579729441
DEEEAWTTNTVATPQYASVSTNLQRYNR,5.92579729441
DAEMIRTTNPFATEQYWSWETGDDDGLP,5.92579729441
KECELLTTNPASDELYQECGCMCMLTKN,5.92579729441
QEVEIAATNPVSTELYGDAGECLMTFEY,5.92579729441
DGEEIRTCNPFAMDQYYSVSTNPQRGFG,5.925362637069999
DEEEISTTNPDATQQYQSVETGAEGEEN,5.924736331419999
QEVEIATTNPVSTELYGDVSECLQTGEY,5.923689631449999
VEEELRATNPVATETYGGVGNNLQRGNR,5.9235726293
DLEEIRTTNPTATAQYGSVETGPYQGNG,5.92348713373
HESEVRQTNPTACECYGVCSENLQHGQR,5.92306750166
KEEEIATTNPVATEQYGDASEEEQHEEM,5.922867963380001
YEHEVATTNPVSTEGCGAVFTDLEAGNV,5.92246158185
NDIEIGQTNPAATEIYGTTGENVQHQGM,5.92135138938
DEVEIAATNPTATELFGGVSENEQQGDF,5.92118066634
FEEEIRTTNCHATEQYGDVSTCLQSGKR,5.92099630815
DTEEIRTTNPYATCQYGSWHEGEMEGDA,5.92069040398
DEEEITPTNPQATEQYGSVTTGLQYGNR,5.91979855379
SENEIRTVNPVATEWYGSMATDPELENM,5.91919040621
DEEEIRAVNPVASEQYGSTATNLQRLNR,5.91874253688
DAECIRTTNPFATQQYWSWETGDDPGED,5.91874253688
DHEEIRPTNPVALMQCGSVDGNEQRPNV,5.91814372187
DEIEIRTVNPDATEQYGGVETDVQNGNE,5.91780450366
DEAEIRTTMPEATARKGSVSTNVSRGTP,5.91723528091
DPEEIRTTNPFATQCYGFWHEPDFDEEP,5.91679304891
DEEEIMSTNPVMTEPYCSRSTNLQRGNR,5.91621124559
DEEEIRTTNPPATEPYGYHNQNDSEGEM,5.915874817180001
DHEEIRTTNPGATEHYGSVWTNDQRGQR,5.91581320584
YEAEIVCTNPVCTEQYGSVSMEEEVGNY,5.91560152731
DDEETRTTNPTASEVFGCVGMDLQRGTD,5.915380678469999
AENEIAQTNPFATEQYGVVSEDLERGED,5.9135813447
YDCEQCCVNPASDCVWGTLCDINMQIQT,5.91297325406
DEEEIRTTNPVATEQYWSVWYEDCRGNR,5.91279917561
GEHETLPTNSMGTGFYGVIGGDITEPLW,5.9125004718
REEEMRTTNPVGTAQYGSHSIALERNND,5.91231406505
GEFEIGGTNPVCTEHYGLMSDTLQHGMA,5.91084695295
DEEEQCTTNPVENEQYGKVSTNLQMGNR,5.90985575055
DEQEIRTTNPDATEQYGSVETNDEQGNF,5.90985575055
DNEHIATTNPIEFEIYGWVEMPAHPYTA,5.9074187651
YEHEIRTTNPVATEQYGSASEAICQGNE,5.90668847147
DECEIFTTNPVAVHKYGSVITNLQRGNR,5.90668847147
DEEEIAATNPTATEQFGEVSELECQEDF,5.90589773698
DEVEIRCTNPTCTECFGEVSNDLQNGTA,5.90589773698
DEVEIVVTNPAASEQYGWVSTNSQNGNF,5.90589773698
VDQEVRATNPVASEIYGAVSMNLQRGNR,5.90589773698
DEEEIRTTNPDATEQYGSVETDDELENS,5.90410222332
DEQEIRTTNPVATELWGSVDENEMQGNW,5.90410222332
SVFVINTTIYGLWLIFQNAYFHPDFFQF,5.90410222332
VERETMPTNPCCTEMWGNVCTNLQSGMQ,5.90410222332
QECECVTTNPCATYHYGFVSEVDYGGGN,5.90342948139
VDAEIATVNPVSTEMYGEAGDNLMQQTM,5.90195055246
MEFEIAACNPVGHEMFGTMSDAEEIETK,5.90195055246
DEEEIRTTNPCASEQYGAVGSNDQVEDC,5.9016276502
DEQEIRTTNPEATDHYGCWDDDQELEFL,5.900706313450001
DAWMIRPTNPFAYSQYWHWEHGDDDGLP,5.89973499783
SEIEISQVNPDSSEMYGAAATGENRGNN,5.89932508305
DEEEIRTTNPEATEQYGSVDDNEEHGND,5.898966902430001
DECEIRTTNPCATEQYRSVSTNLIRGSP,5.89846531244
DEEELAGTNPVATEQFGDATEILQAPGR,5.89739448261
REIEVMSVNPVSTENYGEAACIVQQGTL,5.89722814222
QEFEINATNPVCTEMYGDAPDFIQHMNV,5.89722814222
KEEEIATTNPVATEQYGDASEELQHEEM,5.8967682458
DEEEIRDFNHVATEQYLFASTNRQRGVN,5.89604995102
DLEAIRCTNPGAIQFYWIVWEGECILLP,5.89604995102
CDEELAPTNPVATEMYGFVATVLCAEEV,5.89544920355
DEEEIGTTNPYANEYWYSVENLGIRGIP,5.89530058523
DEQETRTVNPVCTEVFGWVSSNLQRPMR,5.89479561671
NLNCCVGVNCFATEQYGYFFTGLCVLLQ,5.89408843469
CSLCLRMTLFVMTCCQFILQGTVLISAH,5.893786899509999
VEEETMPTNPCCTEMWGNVCTNLQRGMQ,5.893664673469999
DEEEIRTTNPVATEQYGDASEEECHEDS,5.89278223719
DEEEIRTTEPVDSNQFGSVSTNLQDLNR,5.89184996249
DETEICGTNPTLTEQYGFVMTFLAQGNG,5.891408568869999
DEHEIAGVNPVSTEQYGCVSCNLQRGEA,5.88975454449
QEFEINATNPVCCEMYGDAPDFIQHMPV,5.88966350836
QEDEIATTNPCCTEVYGCADDEDCTGNC,5.88887072542
QEDEIVQTNPVATEGYGEAPEVCQHEEK,5.88849875299
DEVEISQTNPESSENYGHVSTGQLVGPE,5.888322589
QENEIVTTNPCATECYGDASEDDQHEEN,5.887995784609999
AEEEITTTNPDATEQYGEADTNLQLGDA,5.887995784609999
NLNCCVGVNCFCSECYGYFFTGLCVLLQ,5.887995784609999
AEQELAGTNPCATETFGDATEILQAPGR,5.88759129058
AEGEIVTTNPFATEQYGEVSTDPQGGDP,5.88706489993
DTEMIRTTNPYATLQWGSVHTGDIEGNP,5.8854395568
DMYEIRSTNPVFTEQYSSSSTNMQRGNN,5.88515530992
SENEIVATNPEATETYGEVSDDVDIGLQ,5.88432065844
WEEEIRTINPFAFEYYGSVTTNLQRGNR,5.88397711872
DEMEITTTNPVAFEQYGSVVHGLQRMHN,5.88272857252
QEDEIAQTNPVSTEGYGEAPEVCQHEEK,5.88217036201
DEEEQGTTNPYANLYWYSNENLGINGIP,5.88140317506
DEEEIRTTNPDATQQYQSVETGAEGEEN,5.88100937267
HETEICSTNPVATEVYGNTAMLLQQGQI,5.880923735930001
MEEEIATCNPVATEMYGSMSDNLERGNK,5.88070940489
YSEEVATTNPMSIMGCGSVSCDLEAKYV,5.88070940489
CEFEICTVNPVCTEQYGSAPTVIQGGTI,5.8799936048
DTETIRTTNPVATEQYGSWSTNLERENR,5.87919688155
DEDEIVTTNPAATETYGDVSTDEQSGNF,5.87849157964
DEEECRTVNPVAEIQYHWVSFQLQRGQR,5.87849157964
DEEEIRTTNPDATQQYQSVETGAEGGNN,5.87849157964
AEQEIVTTNPCATEQYGIVGMCLQRGEY,5.87754212581
DAEEIRTTNPFATEQYWSWDTGDDPGND,5.87743427285
SESEIRCTNPVATYVYGSVSTNLCRGNR,5.87712344768
DERWIRGTNCVTHEQWGHVHSCEYYGGW,5.876553775390001
DDEEVRSVNPFCSELYGYVDMPDDQGMA,5.87624146994
KPEMIRTRNFDCFASCFDWFEDDCHFLC,5.87612168432
QESEIYTTNPDSTEIYGEVSYNWEDGNM,5.87604425922
DPECIRTTNPVATQQYGSWSTNLQPGNP,5.87580915858
DEEEIHVTNPVATFQYGSVGTPLQRGTR,5.87567381499
SEVEIAAVNPVAHEIYGIVSNAWQIGDF,5.87467440611
DDEEIRTTNPFCSEQYGYVDTPDDQGMA,5.87461857049
NDIEIGQTNPASTEIYGTTGENVQHQGM,5.87461857049
QDQEIACVNPVSTEIYGEASEVLQHGML,5.873958362890001
DQNAIRGTNPDATQLYISVESNDQLEVS,5.87332987452
SEVEIAAVNPECHEIFGIVSNAWQIEDF,5.87051485891
DEEYIRTTNPDATIIYGSVSTNLYRENP,5.87030218182
DTEEIRTTNPYATCQYGSWHEGEMEGNA,5.86690360536
HIDNIRATNPILVASQLTVWMCICGGEM,5.86690360536
AEQELAGTNPCASETFGDASEILQAPGR,5.86690360536
DEEEIRTTNPVSTEVYGSVDSEEEWGNQ,5.86690360536
SEVTIAGTNPESTECYGDVSADEQHGDF,5.86690360536
DDEEIRAVNPVATEIYGSVAMNLQRGNR,5.86630071351
DEAEIVQVNPVATEQYGGVSTTLQQGTL,5.86577252334
DLEEIRTTNPFATEQYGSVETGPYNGNF,5.86525575248
DAEEIRTTNPFATEQYWSWETGDDDGNP,5.864597137980001
VLWLVRPTNTFAYLFFGAVEHGGIPPIP,5.864597137980001
NEVEITCTNPVCTEVYGAADMEWCTGNG,5.86457912018
DEMEIRTTNSVATEQYGNVSGNLQRDPR,5.86439674975
DEGEIVATNPVCTEVFGDVSTNIYHGPF,5.863543868608772
NPEEIRTTNPVATEICGSVDTNLQRGNG,5.86351301616
GELELVCVNPTCTELWGDAAENLQFGNR,5.86351301616
QENEIVTVNPCATECYGDASEDDQHEEN,5.863061539069999
DEEEIVTTNPVSTECFGSVSTSGQCPEI,5.863061539069999
MDFEIETTNPVATELYGSVCDCLHYGIT,5.863061539069999
AEQELAGTNPCATEQFGDATEILQAPGR,5.863061539069999
QEEEVRATNPCATEQFGCTSANLEIGNR,5.86278749689
CDDELAPVNPCCTEMYGFCADVPCAEEV,5.86271637616
QEEEIRTTNPEATQQYGDVSTEDFDEES,5.8621026191
PQEQIRCTNPVATEQYGSVSHHELQGNT,5.86068954676
ADMEIIQVNPYSSEQYGDVATPLYHGTG,5.86050583416
QEQEIAAVNPVSTEMYGEAGEVLQHGMR,5.85970810396
NLNCCVGTNCFATEQYGYFFTGLCVGLQ,5.85868309856
HETEICSVNPVSSEVYGNTAMLLQQGQI,5.85868309856
SLECIRTTNPFATAQGGSVETGPYNGLF,5.85773301947
DEDEIATVNPVSTETYGIVGTNLQRLTR,5.857317556530001
QECEIRTTNPVATYQYGFVSEVLYGGNN,5.857317556530001
QEEEICTTNPESTEQYGCVSVALQLGPH,5.85675564998
KECELLCTNPASDELWQECGCMCMLTKN,5.85668024414
DEEAIRTTNPAATEQYWKPSTNLRRGNR,5.85654614598
DEEEIRATNPVATEVYGVVSTADEYGEC,5.85589528118
DEVEIAATNPTATEMFGGVSENLQRGTF,5.85459034392
GEEELRGVNPVASENYGSVSTNLQRGTQ,5.853887930290001
SLECIATTNPFLWACGWDVEEGECQEDF,5.85286577196
DEDEYRTVNPVAQERYGIVSTNLQRGNR,5.852548312380001
DEEPIRTTNPVATEQYGSVRTLVCLGNR,5.85201936827
CDQELNTTNPVSCEGFGDIAETLQRGEM,5.851001577130001
CDQELNTTNPVSCEGFGDISETLQRGEM,5.85060979802
DEQEIATTNPVCTEQYGDVDEDLCHGNA,5.850509167109999
SETEICGTNPTLTEPFGFAMTFWAQDYG,5.84779478241
DPEEIRTTNPFATQCYGFWWEGDWDGEN,5.84779478241
YEQEVRTTNPVATEQYGSTSTVVQRGNR,5.84779478241
MENEIATVNPVATEVFGIASETPDFFMS,5.8466785773
DDEEIRTTNPFCTEQYGYVDTPDDQGMA,5.84409947977098
VAECTRPTNPFAWQIYWCWEHGGDPPLP,5.84238128623
AEEEIAQTNPFSTEQYGVVSEDLEVGED,5.842070187496777
DEERIRYTNQVATEQYPSVKTNSQRGNR,5.8398240713
DEDEIYQTNPVSTEQYGLVSTTCQKEEM,5.83963276305
HEENIRTTNPVLTEQQGSVWTNLCGGNM,5.83956489677
QEEEIAATNPVSTETGGVVSNALQQETY,5.83914291216
QEEEVRAVNPCASEQFGCTSANLEIGNP,5.83667140394
DEEWIRPTNPVATEQYWSVSTNLFDGNP,5.83616008193
DEEEIRTTNPFATEQYGSWETNPQAENR,5.83519474563
DEEEIRTTFPVKTTPMTSVSTNLQRGNR,5.83519474563
REIEIMSVNPVSTENYGEASCIVQQGTR,5.83362745049
CETEISCTNPVASELYGDMSANLQRGQM,5.833200301690001
DEMEIDTQNPVATEQYGSVSTNTLRYLR,5.83268789002
QEGEIAPVNPCSSEHYGIVACLVQSGTT,5.83189715553
GEEVLHVTNPFIHFPYGSRGFPFGIGTW,5.83141225624
DEEEIRTTCPFDTEQYGSVIMNLSRGNR,5.83101906966
DDMEICTVNPYCTEIYGQVSTPDQMPDQ,5.8308518775
DEEEIRTTNPVATEVYGWVDENIFWGDR,5.83064006137
DEEFERTTNPVATEQYGKESGNMIRGSR,5.83064006137
AENEIRQTNPFATEQYGSVSENLEVGNR,5.83027468337
DEEEIRTTNPDATQQEWSWEDPDDDEEP,5.82958197916
DPEEIRTTNPFATQQYGSVETNLLRGNR,5.82947117734
DVNEIVCTNPEATEFYGLVSEDEQQGLV,5.82893575516
HELEIACTNPVATSCYGDASEEIQTGMM,5.82867911636
RDMEIRTTNPVCTEWYGSVSTNLMRGNR,5.82842945755
VAECIRPTNPFAWQIYWCWEHGGDPPLP,5.82838479276
DEEEIRTTNPDATEQYWSVETNLDPGEP,5.82706334083
DDEETRCTNPVACQQYGTMSMDLQVPNR,5.82694390749
YDHELAGTNPCSTESFGCVCCNWQNENR,5.82626162086
DEETIRTTNPVATQQYWSVSTGLQRGIP,5.82539539746
GDEEIHTCNVCATEFYGVVSSNLQRGLR,5.82539539746
DELELRTVNPVAWEQYGSVSEELQFYNR,5.8247111693
SVNEIVCTNPEATEFFGLVSEDEQQGLV,5.82386544719
DDEEIRCTNPVASEIYGCVGMNLERGNR,5.823435576780001
YEIEIASVNPVCVFTYGVSSDNFQSGNQ,5.822703801449999
QECECVTTNPVATYHYGFVSEVDYGGGN,5.82204936958
DEEEIRTCNPVGIEQMGSVSEDLQIGNR,5.82184633038
VEIEIRCTNPFAWETYGTNSNNECRGIR,5.8214606346
CMLEIIPVNYVSVEVFGEFGITYQTEQM,5.8214606346
DEEEIRTTNPEATEQYWDVEEDDEHEEN,5.8214606346
VLELIRPTNPFAYLFYGAVEHGGIPPIP,5.82076182372
DEAEIRTTNPEATARKGSVSTNLSRGTP,5.81959789058
SLECQYCTNPELTCQGWDVEEGECQGLA,5.8188820905
DMILIKQTNPVATMQFKSFSTNVQRGNR,5.8188820905
DIECIRTTNPVATEWYWSVSTNLQRTAR,5.81749767907
DEEEIRTTNPVATEQEGSWSTPLDDENR,5.81515323073
HDTEICTVNPIATEQYGTTGTEDETEMI,5.814508666956957
DPEEIRPTNPVATEQYWSVSTPLDRPNR,5.81390441434
QEEEIRTTNPEATQQYGDVSTEDQDGES,5.81320082058
DDQEVRSVNPIASEIWGAVANNLERGNR,5.81296479825
HDTEICTVNPIATEQYGTTGTEDETEMI,5.81032007699
DENEIRSTNPVATEVYGWVDEAIFWMDR,5.81032007699
GEIEVVGVNPTSSEVYGCCSDIVQHLVM,5.81032007699
DEIEVVGTNPVASEVYGCCSDILQHLNR,5.81032007699
YEVEITTTNPVATELYGTVSTNLCVGNH,5.81032007699
DEEEIRTTNPVATEQPGSWETNDQREER,5.81032007699
AENEIRQTNPFATEQYGSVSENLEVGND,5.81032007699
SEQEIVSTNPVSTEMYGDVSNNDQLGNQ,5.81029342761
DDEEIHCTNPDSTEQWGWCDYNLDLGLA,5.80946238206
MDFEIEAVNPVAGWLFGGGCDCCHYGIT,5.807741532890001
DEEVIHVTNPVATFPYGSVGFPLQRGTR,5.807741532890001
SLEEIRTTNPFATAQGGSVETGPYQGLF,5.806686082530001
DEEELRTTNPVITEHYGSVETNDERGNR,5.806362063430001
SEVEIATTNPTATEQYGEVSELECQEDF,5.80605805014
DESEIVQTNPDATEQYGSVSTNLCYGDT,5.805703448919999
SEEEIVATNPEATETYGEVSDNVDIGLQ,5.80516935348
YEDEIRTFNPVATEIYGDCPTTLYYGQY,5.80504513495
DEEEIRTTNPVATEQYWSVWYNLCAGHQ,5.80380677004
DLEEIRTTNPFATLQYGSVEHGLIPGNP,5.80354154436
FELEISQTGCHATECYGDCSTCIDSEKN,5.80340066305
NEEEIRTTNPVWTEQMISVSTALQNYNR,5.80241487891
DEEEIRTVNPASTELFGVVSNNGAHGDH,5.80180857714
DEEEISTTNPQDTEQYGSFMEFEYPGQN,5.80180857714
DIEYIRTTNPQATEFCGSVSTNLQRGNR,5.80110154697
CEEEIRTTNYVATEVYGEVSTNLQTEQM,5.80110154697
DDMEICTVNCYCTEIWGQVPTPDSMPDQ,5.80026641233
DEEETRTTNSVGTSQIGSVSTNLQRGNG,5.79962018834
DELELRTVNPTCWEQYGDVAEEPMFYLR,5.799264888490001
DEEEIGCTNPVATEQYGSADENLQRLLQ,5.79847846435
DEEEIRTTNPVATEQYWDVEECDEHEEQ,5.798041747219999
DEEEIRTTNPCATHQIWSVSTNLQRGVK,5.79796358375
NEGEICGVNSVSTEWYGDASELWQHFQS,5.79607112126
DEEEIRTTNPFATEQYWDWHEGDCDGED,5.79591138562
FEEEIRTTNCHATECYGDVSTCIQSEKN,5.795556546816248
DEEELAGTNPVATEQFGDATEILQAGGR,5.79498842324
DVFVINTTIYGLTLQYQSAYTHPDFFQF,5.79455276114
DMELIMTTNPTASDCFAFLHANYIQGPF,5.79385077667
QQNAVGGTNPDATQLYISVESDDELEVS,5.79376890073
GEFEVGGVNPVCTEHYGLMADTIQHGMA,5.79353041903
NEEEVRSTNPTATFFWGSTASDWQRPLR,5.79334699839
GEVEIRQTNPVCTECYGLTSMTLQRGNR,5.792435198680001
DEEEITTTNPVCTEVYGAVSDNEEVGNT,5.792435198680001
DNEHIRTTNPIEFEIYGWVEMPAQPYNA,5.79150457547
HELELACVNPVATSCYGDAAEEIQTGMM,5.79102873839
DPEQIRTTNPFATQCYGSWEHPDDPGEP,5.78922424154
DEYEIRTTNPVAMEQYGSWSTNLDRTNC,5.78829377066
VHEIIRTTNPQATQIYGSVWHEDDPGLP,5.78829377066
SDEETKTTNPTASEVFGCVGMDLQRGTD,5.78738326572
KPVAIICTNPTCNMCFQELDNDVDNTTR,5.78671244877
GELELVCVNPTCTELWGDAAENLQRGNR,5.7861627584
SEEEIVTTNPAATEQYGGVSENEQHGTQ,5.78586703327
NDEEIGQTNPAATEIYGSTSENLQRGNM,5.78586703327
DEDEIVTTNPAGTETYGDVSADEQSGNF,5.78586703327
DEMEIIQVNPYATEQYGDCSTPLQHMTG,5.78493475857
DEQEIRTTNPFATEQYGSVETDLEAEED,5.78444144517
KDEEIRSVNPVATEQYGVVSTDLQRGNR,5.78377828954
AENEIVQTNPVATEQYGDAPECPCHEEM,5.78283934057
TEEYIRTTNPDCYIIWQSVYTDEYSELP,5.78283934057
REEEMRTVNPCGTAQYGSHSIALERNND,5.78283934057
DEMEITTTNPVATEQYGCVDMDWCAGNC,5.78283934057
DPEEIRTTNPFATQCYGSWEHPDDPGEP,5.78154370057
DNEHIAPTNPHAYQCWGSNNTWKHDGIP,5.781025770199999
CETEISCTNPVSSELWGDMAALLQHGQM,5.7808489585
DESELKAVNPCASESFGSVPTNVQRLNS,5.78063394645
DESEIVQTNPDAVEQYGSVSTNLCYGDT,5.780254215969999
QEPEICQTNPVATENYGWAAEIQQMGPT,5.78006439253
DEQEIRTTNPYATEQYWSWEEGDTWEDT,5.77895590609
DEEEVRTTNPIASELYGCVSSNLQRGNR,5.77830968209
GEIEIVATNPVSTEQYGWVSTLLQHGGT,5.77723328494
VEEEIRATNPVCTEQWGFCSDELQYGQV,5.77707678496
VEEEVRTTNPCCSEAFGAVGYNLMRGPI,5.77707678496
FEEEIRTTNCHATEQYGDVSTCIQSGKN,5.77637274507
DEEYSRTTNPVATENYGSVSTNGIRGNG,5.77605017491
DHEEIRTTNPGATQVYWFVWYEDCEFQQ,5.77569373388
AENEIAQTNPFATEQYGVVSEDQERGED,5.77552105535
DEQEIATTNPVATEQYGDVDEDDCHGNA,5.77523761784
FEEEIRTTNPVSSEQYGGVGNNLQQGPD,5.77523761784
DPEMIRTTNPDATQQYWSWEHPDDPGEP,5.77476932439
GEVEVCCTNPCASEVYGDVATDPNPGTY,5.77441618634
DEEEIRTTNPFATEQYWSVHTGPCNGED,5.773794200969999
DEIEIRCTNPFAWETYGTNSNNECRGIR,5.77199195834
DEHEIATTNPVATEQYGDADEDECHEDS,5.77132594538
DENEVRCTNPCASEIYGAVCTNLERGNR,5.76979227041
RDQEIRTVNPVATEQFGSVSTNLQRLNR,5.76955432731
DEEEIRTTNPVATEQYGDASEDECHEDS,5.7684999013
YSEEVATTNPMATMGCGSVSCDLQAGYV,5.76834146886
DDQEVVTTNPESTEHYGSVEYPETIGEI,5.768256017430001
QENEVGGTNPDATQQYGSVESDDELEVS,5.76798857929
HELELWTTNPVATEGYGTAAETLQRAQR,5.76779546035
NEGEICGTNSVSTEWYGDASELWQHGNS,5.76704736853
DEQEIRTTNPEATEQYGLWDYEEEPEYE,5.766598699569999
NEEEISCVNPCSTETYGSVDDEDQRGNT,5.766598699569999
MEFEIATCNPVATEMYGTMSDNLERGNK,5.766598699569999
DDMEVRQTNPVSSEQYGVVSTNLQRLTR,5.765620269519999
YSEEVRTTNPMATMGYGSVSCDLQAGNV,5.76523218747
DDEETRTTNPVACQQYGTMSTDLQVPNR,5.765114445280001
DEFMIRTTNPVATFQCGSVFTPLQRGNR,5.76480541774
DEEEIRTTNPFATEQYWSWHTGDCDGED,5.76352586552
GVEVLHVTMTFIHFPFGGRGFPFGILTW,5.76328976453
GEVEVCCTNCCASEVWGDVAADPNPGTY,5.76301436222
DPEEIRPTNPVATEQYGSWSTNLFRGED,5.76285872329
DEQLIRTSNPDKYDQYGSVIQNLICDEQ,5.76246490252
HDTEICTVNPIATEQYGTTGEEDETEMI,5.7618215593
DQEAIRGTNPDATELYISVSSNDQLEVS,5.76073804814
YEAEIVTTNPVCTEQYGSVSMEEEVGNY,5.76033194116
QEEEINQTNPVATEQYGGASEVLQHGGR,5.75998840144
DEEEIRTTNPEATEQYGSVETALDIGDM,5.75998840144
DENEIRTTNPVATEQYGDASEEECHEDS,5.758687308580001
MEEDICGTNPVATEQYPSVSTNLQAGNR,5.758687308580001
DEEEIRTTNPVATEQYWSVWYNDCAGHQ,5.758418975080001
CDQEINTTNPVATEGFGDISETLQRGER,5.758418975080001
NDGELECTNPCASESWGTVAMNLQRGMM,5.758418975080001
EEDEISGTNPVACENYGICTDNIQHEEH,5.758011203730001
HELELWGVNPCSTEGYGTAAETIQHAQR,5.75792887927
VEEEVRTTNPVASEWFGSVSTNLQRLPR,5.7578526571
SQEEGRTTNPVATEQWGTVSTILQEGNR,5.75770570798
GPVEVCTTNCCASEVWGSVAADPQPGTY,5.75735801209
GEHEIRPTNPVATEQYGVIGTDIQEPLW,5.75677822395
VAEMIRPTNPFAWQFYWCWEHGGDPGLP,5.75653211235
QEQEIWTTNPFAAEQYGSVSTNVQRGNR,5.75587229297
CEEEIITTNYVAVEVYGEFSTNYQTEQM,5.75587229297
DEEEIRPTNPFATEQYGVVDNGELAGNE,5.75587229297
DEEIIRATNPVATLQYGSVWTSGDEGIL,5.75306275939
MEFDICGTNKVATSQYPSVSTNLQAGNR,5.75248081395
DMEEIMTTNPVATDCFASVSTNLIQGNF,5.75214920693
NPEEIRPTNPGATQLYWFVWYEECAFQQ,5.75206067902
KEEEIRTFNPVAMEQYGSVSTGLEEGNM,5.752048286580001
DEEEIRTTNPDATEQYGSVETDDDEGEV,5.751926428572163
DEEELAGTNPVATEQYGDATTILQAGGR,5.75176789464
GEEELRTTNPIACEQWGLASSADFLMLM,5.75176789464
QEVEISAVNPESTFIFGCVSANWQQGDF,5.75129956318
DTECIRTTNPYATCQWGSWHEGEMEGDA,5.7504302079
DDEELYATNPYSSEIYGFVGNDLGPGTL,5.750081178069999
DEEEIRCVNPCATEQYGAVCTNLERGND,5.74947452177
QESEIYSTNPDSTEIYGEVSYNWEDGEM,5.74825910886
QEGEVAAVNPCASEQFGCTSANWERGNR,5.74774441209
SEQEVRCVNPIASEVYGCVGNNLERGNF,5.747533902930001
DEIEIKQTNPVSTEMYGGVSEQVQRGTL,5.74751456106
DDQEVRAVNPCSSEVYGVVAMNLERGNR,5.74699414163
CAWMIRPTNPFAYSNYWHWEHGDDDGLP,5.746189739569999
DPEIIRATNPVATLQYGSVWHSGDEGIL,5.74488832452
QEEEIAQTNCEASEQYGVVGTDWLPGMD,5.74439328453
QESEIYSVNPVSTEIYGNASTVLQHGGR,5.74419048792
HESEVEQTNPTSCECYGVCSELLQHGQT,5.74377922098
GEEELVCVNPVCTELYGDAAENLQRGNR,5.742997773745517
NDQEITTTNPVATEMYGSTSTNLQRGNR,5.74187902089
VLELVRPTNPFAYLFYGAVEHGGIPPIP,5.74176534678
DEEEIRTCNPVGIEQMGSVAEDLQIGEM,5.74160732691
AEQEIVPTNPCATEQYGIVGMCLNFGEY,5.741485880269999
YENEITCTNPVCTEPYGGVATDDQYGND,5.74137272328
DTEMIRTTNPVATLQWGSVHTNDQRGNR,5.74110558226
DEEEIATTNPTATEQYGDVSELECQEDF,5.7397010023
DPEMIRTTNPDAWQIYGSVEHGDDPGLP,5.73952429888
DAECIRPTNPFATEQYWDWHEGPCDMED,5.73893223957
TEEYIRTTNPDATIIYGSVSTNLYSENP,5.73861816057
VEEELRATNPVATETYGSVGNNLQRGNR,5.73817029124
DEEEIRTTNPDATQQYQSVETGAEGENN,5.73817029124
HEDEIYQTNPVSTEIYGLTGTTCQKEEM,5.73676347002
DEEEIRTTNPCGTEGMGSVAEDLQIPEM,5.73676347002
DPEEIRTTNWFATQCYWFWWEGDWDWEN,5.73631949555
DEEYIRTTNPDATQQYGSVSTPDDDGND,5.734655807059999
DHEEIRTTNPDAYNMYWSVWTNDDPGNP,5.73377852212
CDQELNTTNPVACEGFGDISETLQRGER,5.73255121874
CDQELNTTNPVACEGFGDISETLQRGER,5.732532941151773
DAECIRTTNPFATEQYWSWDTGDDPGND,5.73245340559
DDEETRTTNPTASEVFGCVSMDLQRGND,5.73178667445
DEEEIVTTNPVSTECFGVVSTSGQCPEI,5.73178667445
DEIEIRTVNPDATEQYGGVETDLQNGNE,5.73078131201
DDQEIRTTNPVAMEQYGSSGTLDQFPNA,5.73078131201
AEQELAGTNPCASETFGDASEILQRPGR,5.73044969609
DDEEIRTTNPFCTEQYGYVDTPDDQGMA,5.7294498453
YEHELAGVNPCSTESFGCVSCNLQREEA,5.72940008161
FGGEIRMTNCIGSVQYGNAMSNLQRLAD,5.72940008161
VEEETRTTNPCCTEMWGNVCTNLQRGNQ,5.72940008161
SEDEIYATNPAATEMFGEVSENWQRGTR,5.728605427200001
IEEETRTTNPVATAQYGHVSHNLQPGNR,5.72849585404
QEQEIVPVNPVATEMYGIACVNLQYGGK,5.72815153541
DEEEIRTTNPVATEQYGSVNTNIEYGDC,5.72648848619
DEVEITSVNPVATEQYGGVSTNLMRLTI,5.72648848619
DAECIRPTNPFAWQIYWSWEHGGDPGLP,5.72612494958
GELELVCVNPVCTELWGDAAENLQRGNR,5.72612494958
YEQEIRTTNPVCTEVYGSASSNLCHGNG,5.72598272105
CNDMIKTVTHFWWQSCKRWCFGEDVVPC,5.72543117941
DEQEIRTTNPEATEQYWSWDELQDFGNM,5.72526430704
KECEILTTNPVATEQYGEVSCMCQLTKN,5.72526430704
REEEIRCVNPCATEQYGAVCTNLERGND,5.7249901971
THCNIMPVNPDNLMQCGSVDGGENLPAV,5.72416343324
DMEEIRTSNGFATEQYYSVSPNYFLGNN,5.72416343324
DEDTCRTTNPPATIQIGSGVTLYCDGDR,5.72416343324
HDTEIRTVNPIATEQYGTTGTELETEMI,5.723489119119999
DNWEIRTTNPVATEQYVSVFTNLAPGNR,5.723489119119999
NTEQIRTTNPEATSTELSWQGAYVGDFP,5.722263900330001
DEQETRTVNPVCTEVFGWVSSNLQRGNR,5.722263900330001
DEEPQGTTNPYANLYWYHNENLGINGIP,5.72170568982
SLECIRATNPTAYYIFGSVETGPYQGLF,5.72170568982
DEMEHITTNPVATEQYPSVSKNQQRGNR,5.721438795909999
CDQELNGVNPCSCEGFGDIAETVQHGEM,5.71989299587
NEEELRAVNPVASEQYGGVSMNLQRGNQ,5.71976831929
AEHEIWSVNPVCTEMYGGVAITIQRGQM,5.71934641695
HEHEIVSTNPVASEVYGGVSTELQVGNS,5.71690913743
DVNEIRTTNPEATEFYGLVSTDEQQGNV,5.71634392879
MEGEIACTNPESTENYGQVDMGWYWGED,5.71634392879
DDEEIRATNPYATEIYGFVSNDLGPGTL,5.7159501264
REIEIMSVNPVATENYGEVSCILQQGNR,5.71490051192
DEFEIGGTNPVCTEHYGLVSDTLQRGMA,5.714649630249999
TEEYIRTTNPVATEDYGSVSGNTQPDQR,5.71429318922
FEEEIRPTNPVASEQYGGVGTNLQQGPD,5.7132213835
GEVEIRQVNPVATEQYGLVATNLQRGMR,5.71105844562
DPECIRTTNPDATQQPWSWEDPDDPEEP,5.710784403440001
DEHEIWTTNPCATEQYQIVSTNLQHGNR,5.710784403440001
DEEEIRTTNPCGTEGMGSVAEDLQIGEM,5.710141204569999
QENEIGCTNPLSTEIYGDVSDNEQNGDH,5.709859895219999
DEPEIRTSNPVATEMYGSYDTNLTRGNR,5.70966386355
DEQEISTTNPDATAQYGGVSDCEETGEQ,5.70914124263
SEEEIHATNCCSHMFFGCISQGLDIGTE,5.70914124263
DEEEIAQTNPVATEQYGDVSECPCHEEL,5.708838759130001
QEREICTTCPVATEQYASKSTNLQRGNR,5.70844046298
CELEIITTNYVAVEVFGEFSTNYQTEQM,5.70832036349
DEEELRCVNPVASELYGVVSMNLQRGTQ,5.70832036349
GEIEIVATNPCSSECWGWTGNLLQHGGT,5.70770501051
MEIEIYSTNPVSTENYGSCSCLLQHGNR,5.707226584030001
CDQELNGVNPCSCEGFGDIAETVQHGEM,5.707163834414872
SEVEISQTNPESSENYGHASTGQLVGPE,5.70696269249
RVREMRTTNPVATVQYGSVSTNLQRGFR,5.70569668459
DEEMIRTTNPFATEQYGSVETGLDPGNP,5.70340487308
DEQEIRTTNPEATEQYGSVETDLEVGNF,5.70340487308
DPEQIRTTNPVATEQYGFWSHGLQRGNR,5.70340487308
DLEQIRTTNPDAFGQYGCVDPAFQRGTY,5.70340487308
EEDEISGTNPVACENYGIVTDNIQHEEH,5.70340487308
PEESIRATNPTATHFYQSVSTNLDRGNH,5.70340487308
DEEEIRTTNPVATEQYWSVSTCQLFDNR,5.70340487308
AEEEITTTNPDATEQYGEVDTNLQLGNA,5.70340487308
DEQEIRTTNPFATEQYGSWEDKDANEEM,5.70340487308
DEQEIMAVNPCCTELYGEVDEDDEQLNA,5.69959325913
PAECIRPTNPFAYAQYWVWDHGDDPGLD,5.69867472117
DEEVIRTMIAVATQQMGSVSTVFQRFNL,5.6982615698
DDQEIRTTNPDATEQYWSWEWADFQDDV,5.69812993104
DEEEIRTTNPCATEQYGSVGSNDQVEDC,5.697811944180001
GEEEIRTVNPVASEHYGSVGMNLQRGNR,5.69655120204
DNEEIWCTNPHDHDCYHFVADNWWCEFA,5.69606289774
DTEMIRTTNPYATCQWGDWHEGEMEGDP,5.69589728558
DTEQIRTTNPVATETYGSVQGNLQGGNP,5.69579168897
VPECIWTTNPVAMEQYGSNSTYLDVGNW,5.69549967499
QECEIRTTNPVATYHYGFVSEVDYGGNN,5.69535070667
DAEEIRTTNPFATEQYGSVETGDDDGNP,5.69501708759
SDEEIACCNPTATEMYGAVNTGPMVGTS,5.694233227180001
DEEEIATTNPTATEQYGEVSELECQEDF,5.693776171880001
STECIRTTNPHATCKWGDWHDGEMEGDA,5.69059891632
MEFEIATCNPVATEMYGTMSDNEEIGTK,5.690580832719999
FEGEIRMVNCIGSEQYGNASSNLQDLAD,5.68942064364
DNEHIRTTNPIATEIYGSVSTPAQPGNR,5.68875809711
DEVETRTTNPVSTEQYGSVDMNLDRGNR,5.68875809711
GPVEICTTNPCASEVYGSVAANLQPGTY,5.68875809711
KPVAIICTNPVANEQYQSLDTDVDNTNR,5.68802964719
DETEICGTNPVLTEQYGFVMTFLAQGNG,5.68701043483
SEGEIWATNPTAHEQYGCVSTMPYRPNF,5.68672613193
DEQEVRAVNPCSSEVYGVVAMNLERGNR,5.68574620658
KEEEIRTTNPVAVEQYGWMSTELQGGDL,5.68390869745
QETEINAVNPVSTEMYGVVGTNIQRGGR,5.68310711091
KEEYIDTTGPSAMCCYGFCNEDDDTEEM,5.68294077052
GDEEIHTCNVCATEFYGSVSSNLQRGNR,5.68294077052
DEEEISTTNPCSNVLWGDYWETDMSEEA,5.68217419503
DEQEISTTNPDATAQYGGVSDCEETDEQ,5.68117492569
VEEEIRWTNVVAFEQYMHLSTNDQSGNR,5.68068479658
DEEEIRTTNPDATEQYGSWETPPQDEDI,5.68068479658
DAECIRPTNPFAYAQYWSWDHGDDPGLD,5.68043153667
DAECIRTTNPFATEQYWSWDTGDDPGLD,5.68032125997
DPEEIRTTNWGATQCYGFVHDGGCQWEN,5.68017256684
AEQEIAGTNPVASETYGDASEILQRGGR,5.68017256684
DEDEITCVNPVSSEMYGIVSNNLQRLNR,5.67981805276
DEQEIRTTNPVATEQYGLVDYEEEPEYE,5.67981805276
KEEYIRTTNPSATCCYGFVSEDDDTEEM,5.67935939911
SSYEIVTTNPVATRQYGSCSTNLQRGNR,5.67863696793
QESEIRSTNPVSTEIYGSASTVLQRGGR,5.67843234485
RVEEIRLTNSVATEQYGKVVTNLQRGNR,5.677869780969999
DTEMIRTTNPYATCQWGSWHEGEMEGDP,5.677869780969999
QEQEIVATNPVSTEQYGEASEVLQRGGR,5.676857718469999
DMEEERTTYWVAAEQYGSVSTNLQRGNR,5.674835720880001
SEQEIVSTNPESTEMYGDVSNDDQLGTQ,5.67425852742
AGEELFTTNPVAEEQYGSVSYNLQRGNR,5.67425852742
DIEIIRTTNPIAAEQYGSVSTNLLRGNR,5.673657529680001
DPECIRPTNWFATQCYWFWWEGDWDWEN,5.67281655324
DPECIRTTNWFAAQCYGFWHEPDFDEEP,5.67204070217
DEQETRTVNPVCTDVFGWSSSNLQRPMC,5.67155600704
DEQEIRTTNPFATEQYWSVEPDLEAEED,5.67122446733
SDVEIACCNPTATEMGGAVNTGPMVGTS,5.671056095380001
DTEMIRTTNPYATLQWGSVHTPDIPGNP,5.67065629074
DEEEIRTTNPEATEQYWSVSTCEEADEV,5.670542413080001
DPEEIRTTNPDAFQQYWSWEHPDDPGEP,5.67029656127
DGEEIRATNPIATEQFGSVSTFVQRGNR,5.668574888909999
DTIEIRTTNPVATEQYWSNSYNLQRINR,5.66748529882
DDVEITSVNPVASEPYGGTSNNLMRLTI,5.66748529882
DEEEIGTTNPYANEYWYSVETLGIRGIP,5.66748529882
DDEEIRCTNPFASEQYGSVDTNLIHGEP,5.667413194719999
DEIEIKQTNPVSTEMYGGVSEQLQRGTR,5.66677595109
SEGEIWATNPTCHEQFGCVSVMPYNPNF,5.6667100731
KEEYIRTTGPSATCCYGFVSEDDDTEEM,5.6664106656
DAEEIRTNNPVATWQYGSVSTNGLRGNP,5.66610633166
CEQEINTTNPVATEGFGDISETLQRGER,5.66493072526
CETEISCTNPVSSELWGDMSALLQRGQM,5.66430505339
TEEYIRTTNPVATEDYGSVDGNTQPDQN,5.66387650889
DEEEIPTTMPCAFEQYGSISTMLQRGNR,5.66387650889
DEEECRTVNPVATIQYHWVSTQLQRGQR,5.66337021128
QEEEIAQVNPVATEIYGEAGEVIQHGNR,5.66332089902
QEQEIAAVNPVSTEMWGEAGEVLQHGMR,5.66213685471
SEDEILACNPAATELFGGVSDNWQGGPV,5.66202095231
DEEEIRNTNPVATEQYMSVSTNLIQWFR,5.66138165818
GDFEVSPTNPQDTEQYGFFMEFEYPLQN,5.66109406822
GELELVCVNPTCTELWGDAAEELMFGLR,5.66082508434
DEEEIRTTNPYATEQYGSDEEDECHGDS,5.660655225619999
YEEEIRTTNPNNTEQYGSVVNNLERGNG,5.660232629793549
DEDEIVCVNPVCSEQYGSVSTILQLGNR,5.65990323444
DNEHIRTTNPIEFEIYGWVEMPAQPGNA,5.65831698355
VERETMPCNPCCTWMWGNGCENLQSVMQ,5.65730845849
DELEISTVNPVATEVCGSVSDELYGGAN,5.65714928212
FESELKAVNPVASEQYGSVSNQVQRGTR,5.65693044328
DPEEIRTTNPFATLCYGSVEHPGDPGEP,5.6566106616
DMEVIRTSNGFATEQYYIVHPCYFLGNN,5.65589323833
DEGEIVATNPVCTEVFGDVSTNIYHGPF,5.65438447078
DEEEIRTTNPDATEQYWSVWTGDDRGNR,5.65438447078
DEQEIMAVNPVCTEQYGEVDEDDQQLNA,5.65393619681
DEQEIRPVNPVATEQYGSMSTNLQNGEM,5.6538376588
SEIEISQVNPDSTEQYGAAATGENRGNN,5.65277880001
EETEIRTTNNVATEQYGSLSTNLQTGSR,5.65277880001
DEEEINTTNPVQTEQYGSVCTNLARLND,5.65277880001
HEEEAETTNPVATRGYGSYPTYLQRGGM,5.65277880001
DAEMIRPTNPFATSQYWSWEHGDDDGLP,5.65180367659
DEVEIRTTNPCATELYGWVSTNECTGNF,5.65093745318
DNGEIRTTNPEATIQYGSVPVNLQRGNR,5.65079024691
VLELIRPTNPFAYLFYGAVEHGGIPGIP,5.65079024691
DEQEIRTTNPEATEQYGSVETNDQVGEF,5.64946606597
DTECIRTTNPYAIECYGSVSTGLQRGNR,5.64922973293
DEEEIRTQNPVATQQYGEVMTYLGYENS,5.64895708906
DEVEIYSTNPFATEGYGTVSTAPNRGNQ,5.64895708906
DEEELRAVNPCATESFGSVPTNVQRLNS,5.647641601559999
SEVTIAGTNPESTECYGDVSANEQHGDF,5.64745846807
SEVEIAATNPTATELFGEVSELECQEDF,5.64700570291
MENEIAQVNPVATENYGQASTPQELGND,5.6469876851
DELEISTVNPVATEVCGSISDELYGGAN,5.646573650480001
NELEISTVNPTATEVCGSIADEDYGEAN,5.646573650480001
DEEEIRTTNPFATEQYWSWHEGPCNGED,5.64568937522
REIEIMSVNPVSTENYGEVSCIVQQGTR,5.64568937522
VHEEIRTTNPQATQIYGSVWHEDDPGLP,5.64422693714
SEFEIMTTNPASTEQYGSVSVAVQVGDA,5.643481055430001
NEEELRAVNPVASEVYGGVGMNLQRGNQ,5.64286333114
DEEVIHVTNPVATFPYGSRGFPLQRGTR,5.64286333114
QEEEIVQTNPVSTECFGVAITSGCCPEI,5.64286333114
GEIEIVATNPCSTECWGWTGNLLQHGGT,5.64286333114
